student_id,academic_year,major,facility_rated,satisfaction_score,timestamp,comments
STU10000,2022-2023,Economics,Administration Office,2.0,2022-07-26 11:22:10,
STU10001,2022-2023,Mathematics,Administration Office,2.0,2022-05-02 16:43:29,Disappointed with administration office condition
STU10002,2024-2025,Computer Science,Parking,2.0,2024-12-25 09:26:58,
STU10003,2021-2022,History,Cafeteria,4.0,,
STU10004,2021-2022,Psychology,Hostel,3.0,,
STU10005,2023-2024,History,Medical Center,4.0,2023-08-15 11:13:16,Disappointed with medical center condition
STU10006,2023-2024,Architecture,Classrooms,2.0,2023-04-22 10:25:43,
STU10007,2024-2025,Architecture,Administration Office,2.0,2024-12-25 16:20:15,
STU10008,2023-2024,Mathematics,Parking,3.0,2023-12-28 17:28:14,Good experience with parking
STU10009,2024-2025,Mathematics,Library,,2024-08-11 11:16:07,
STU10010,2023-2024,Business Administration,Parking,1.0,2023-09-28 15:08:07,
STU10011,2021-2022,Psychology,Medical Center,5.0,2021-03-12 16:21:26,
STU10012,2022-2023,Architecture,Cafeteria,1.0,2022-05-26 15:13:38,Very happy with cafeteria services
STU10013,2022-2023,Chemistry,Cafeteria,,2022-04-04 13:22:38,
STU10014,2023-2024,Civil Engineering,Medical Center,3.0,2023-03-22 10:41:44,Excellent facilities at medical center
STU10015,2024-2025,History,Sports Complex,5.0,2024-11-26 15:27:24,
STU10016,2021-2022,Physics,Auditorium,4.0,2021-09-03 15:05:07,
STU10017,2022-2023,Computer Science,Cafeteria,2.0,2022-12-24 14:31:31,
STU10018,2022-2023,Architecture,Library,4.0,2022-12-07 10:02:48,Disappointed with library condition
STU10019,2021-2022,Computer Science,Hostel,2.0,2021-06-23 13:31:32,
STU10020,2023-2024,Business Administration,Parking,3.0,2023-07-04 15:10:55,Very happy with parking services
STU10021,2024-2025,Business Administration,Sports Complex,,2024-06-11 09:08:59,
,2023-2024,Electrical Engineering,Sports Complex,5.0,2023-04-19 11:18:19,
STU10023,2021-2022,Computer Science,Administration Office,1.0,2021-02-08 09:10:27,
STU10024,2022-2023,Architecture,Parking,1.0,2022-12-16 17:51:59,Good experience with parking
STU10025,2021-2022,History,Computer Lab,5.0,2021-11-23 17:40:34,
STU10026,2024-2025,Civil Engineering,Administration Office,2.0,2024-01-24 12:10:48,Could be better at administration office
STU10027,2023-2024,Architecture,Cafeteria,1.0,2023-03-25 10:45:17,
STU10028,2022-2023,Economics,Auditorium,4.0,2022-01-04 09:13:20,Disappointed with auditorium condition
STU10029,2023-2024,Psychology,Cafeteria,1.0,2023-01-16 11:21:54,Could be better at cafeteria
STU10030,2024-2025,Economics,Cafeteria,3.0,2024-11-02 13:29:32,
STU10031,2022-2023,Business Administration,Cafeteria,4.0,2022-03-17 09:43:27,
STU10032,2022-2023,Biology,Cafeteria,4.0,2022-09-05 16:28:48,
STU10033,2023-2024,History,,4.0,2023-05-23 09:02:17,
STU10034,,Chemistry,Cafeteria,2.0,2024-06-23 10:26:41,
STU10035,2023-2024,Computer Science,Auditorium,3.0,2023-06-16 15:28:41,
STU10036,2024-2025,Physics,Administration Office,3.0,,Disappointed with administration office condition
,2023-2024,Architecture,Cafeteria,4.0,2023-02-02 15:21:50,
STU10038,2023-2024,Economics,Classrooms,2.0,2023-10-22 09:51:41,
STU10039,,History,Computer Lab,5.0,2022-05-28 13:38:03,
STU10040,2021-2022,Architecture,Cafeteria,4.0,2021-02-28 11:16:55,Poor maintenance of cafeteria
STU10041,2023-2024,Chemistry,Computer Lab,4.0,2023-07-09 13:00:57,
STU10042,2022-2023,Architecture,Classrooms,1.0,,
STU10043,2023-2024,Business Administration,Classrooms,5.0,2023-07-03 11:36:21,Could be better at classrooms
STU10044,2021-2022,Computer Science,Sports Complex,4.0,2021-10-26 13:38:35,Could be better at sports complex
STU10045,2023-2024,Chemistry,Parking,3.0,2023-04-02 12:30:09,
STU10046,2023-2024,Computer Science,Administration Office,2.0,2023-04-16 16:15:54,
STU10047,2024-2025,English Literature,Sports Complex,5.0,2024-02-03 09:32:50,
STU10048,,Computer Science,Library,5.0,,
STU10049,2021-2022,Mathematics,Parking,2.0,2021-02-19 17:06:03,
STU10050,2022-2023,English Literature,Administration Office,2.0,2022-05-25 12:09:36,
STU10051,2024-2025,Computer Science,Cafeteria,,,
STU10052,2023-2024,History,Library,5.0,2023-07-25 11:40:29,
STU10053,2023-2024,Physics,Classrooms,5.0,2023-11-19 09:35:11,
STU10054,2024-2025,Physics,Medical Center,4.0,2024-04-19 13:04:34,
STU10055,2023-2024,Business Administration,Sports Complex,,2023-09-07 13:41:57,Very happy with sports complex services
STU10056,2021-2022,Electrical Engineering,Medical Center,5.0,2021-11-11 10:46:11,
,2024-2025,Computer Science,Classrooms,5.0,2024-08-10 17:49:26,
STU10058,2021-2022,Business Administration,Classrooms,3.0,2021-08-16 09:21:51,Very happy with classrooms services
STU10059,2024-2025,Civil Engineering,Sports Complex,5.0,2024-03-12 14:38:26,Satisfactory services at sports complex
,2021-2022,Electrical Engineering,Hostel,2.0,2021-10-20 16:40:38,
STU10061,2023-2024,Architecture,Auditorium,4.0,2023-01-25 16:32:37,
STU10062,2024-2025,Economics,,4.0,2024-05-11 13:35:34,
STU10063,2021-2022,Physics,Library,5.0,2021-01-21 14:53:02,
STU10064,2021-2022,History,Parking,3.0,2021-08-06 16:27:52,Poor maintenance of parking
STU10065,2023-2024,Mathematics,Parking,1.0,2023-12-28 13:40:35,
STU10066,2023-2024,Computer Science,Auditorium,1.0,2023-05-20 11:05:17,
STU10067,2023-2024,Physics,Hostel,1.0,2023-02-27 13:54:55,
STU10068,2024-2025,Computer Science,Computer Lab,5.0,2024-09-22 09:12:32,
STU10069,2022-2023,Computer Science,Computer Lab,4.0,2022-06-28 09:04:30,
STU10070,2024-2025,Psychology,Computer Lab,5.0,2024-10-10 11:16:20,
STU10071,2021-2022,Electrical Engineering,Sports Complex,4.0,2021-01-08 10:27:30,Needs improvement in sports complex
STU10072,2022-2023,Biology,Classrooms,3.0,2022-11-18 09:53:43,
STU10073,2024-2025,Physics,Library,4.0,2024-07-15 13:20:13,
STU10074,2022-2023,Biology,Hostel,1.0,2022-02-18 11:33:51,
STU10075,2022-2023,History,Medical Center,2.0,2022-03-17 13:28:03,
STU10076,2024-2025,Computer Science,Sports Complex,5.0,2024-02-06 13:01:12,
STU10077,2022-2023,Electrical Engineering,Auditorium,,2022-06-16 16:03:39,
STU10078,2022-2023,Electrical Engineering,Hostel,2.0,2022-03-19 13:04:17,Excellent facilities at hostel
STU10079,2021-2022,Biology,Library,5.0,2021-12-26 10:48:13,
STU10080,2022-2023,Chemistry,Auditorium,1.0,2022-06-15 16:29:42,
STU10081,2021-2022,Chemistry,,5.0,2021-01-03 12:14:46,
STU10082,2022-2023,Chemistry,Medical Center,2.0,2022-10-14 16:50:06,
STU10083,2024-2025,English Literature,Hostel,2.0,2024-03-19 17:54:36,Very happy with hostel services
STU10084,2022-2023,Psychology,Classrooms,2.0,2022-12-25 09:12:19,
STU10085,2022-2023,Physics,Hostel,1.0,2022-06-02 16:39:48,
STU10086,2022-2023,Business Administration,Classrooms,4.0,2022-10-02 16:58:44,
STU10087,2024-2025,Business Administration,Classrooms,5.0,2024-06-06 15:47:03,
STU10088,2021-2022,Architecture,Administration Office,3.0,,
STU10089,2024-2025,Biology,Hostel,2.0,2024-11-04 14:53:48,
STU10090,2023-2024,,Auditorium,2.0,2023-11-08 11:44:43,
STU10091,2022-2023,Electrical Engineering,Sports Complex,5.0,,
STU10092,2023-2024,Civil Engineering,,1.0,2023-06-18 16:09:04,Poor maintenance of cafeteria
STU10093,2022-2023,Mathematics,Hostel,1.0,2022-05-09 09:08:10,
STU10094,2023-2024,Electrical Engineering,Library,5.0,,
STU10095,,History,Cafeteria,3.0,2024-01-08 14:59:28,
STU10096,2023-2024,History,Cafeteria,5.0,2023-05-05 11:58:13,
STU10097,2022-2023,Economics,Parking,1.0,,
STU10098,2023-2024,Computer Science,Medical Center,1.0,2023-09-17 09:46:54,
STU10099,2021-2022,Mathematics,Cafeteria,3.0,2021-06-06 11:06:50,
STU10100,2021-2022,Economics,,,2021-07-27 12:28:37,
STU10101,2023-2024,English Literature,Medical Center,1.0,2023-04-22 10:09:04,
STU10102,2022-2023,Biology,Sports Complex,5.0,2022-04-24 16:04:28,Poor maintenance of sports complex
STU10103,,English Literature,Cafeteria,3.0,2023-04-04 13:19:10,
STU10104,2022-2023,Biology,Administration Office,2.0,2022-10-14 16:17:24,Disappointed with administration office condition
STU10105,2024-2025,History,Sports Complex,5.0,2024-05-24 13:07:41,
STU10106,2022-2023,Physics,Classrooms,3.0,2022-08-09 14:10:22,Excellent facilities at classrooms
STU10107,2024-2025,Architecture,Sports Complex,4.0,2024-09-01 14:54:50,
STU10108,2022-2023,Physics,Computer Lab,5.0,2022-04-25 13:25:40,Poor maintenance of computer lab
STU10109,2023-2024,,Classrooms,2.0,2023-07-18 10:26:16,
STU10110,2021-2022,English Literature,Cafeteria,1.0,2021-07-20 14:52:23,
STU10111,2023-2024,English Literature,Classrooms,2.0,2023-12-18 13:48:06,
STU10112,2022-2023,Civil Engineering,Classrooms,4.0,2022-08-17 15:00:31,Very happy with classrooms services
STU10113,2022-2023,Mathematics,Cafeteria,5.0,2022-01-13 16:18:17,Satisfactory services at cafeteria
STU10114,2022-2023,Mechanical Engineering,Classrooms,4.0,2022-01-18 14:50:03,Excellent facilities at classrooms
STU10115,2021-2022,Electrical Engineering,Parking,1.0,2021-02-28 09:22:54,Needs improvement in parking
STU10116,2024-2025,Mathematics,Library,5.0,2024-03-24 15:58:07,
STU10117,2023-2024,Electrical Engineering,Library,5.0,2023-08-02 11:31:23,
STU10118,2024-2025,English Literature,Sports Complex,5.0,2024-06-21 15:47:17,Very happy with sports complex services
STU10119,2023-2024,Business Administration,Cafeteria,5.0,2023-03-04 10:01:00,
STU10120,2022-2023,Chemistry,Hostel,1.0,2022-07-12 12:04:36,
STU10121,2023-2024,Mechanical Engineering,Computer Lab,4.0,2023-04-26 14:43:23,Could be better at computer lab
STU10122,2022-2023,Architecture,Medical Center,1.0,2022-02-19 09:13:08,
STU10123,2023-2024,Psychology,Auditorium,3.0,2023-04-26 10:22:36,Needs improvement in auditorium
,2023-2024,Chemistry,Sports Complex,5.0,2023-02-17 13:24:37,
STU10125,2022-2023,Chemistry,,,2022-11-25 14:26:39,Excellent facilities at classrooms
STU10126,2023-2024,Psychology,Parking,3.0,2023-10-21 10:59:53,
STU10127,2021-2022,Civil Engineering,Cafeteria,2.0,2021-05-11 16:10:35,
,2022-2023,Electrical Engineering,Classrooms,2.0,2022-07-15 16:53:21,
STU10129,2022-2023,Civil Engineering,Sports Complex,4.0,2022-04-11 09:58:44,Good experience with sports complex
STU10130,2023-2024,Business Administration,Auditorium,1.0,2023-08-17 09:24:42,
STU10131,2022-2023,Electrical Engineering,Cafeteria,2.0,2022-05-12 11:29:37,
STU10132,2022-2023,History,Library,4.0,2022-10-25 15:48:46,Disappointed with library condition
STU10133,2024-2025,Mathematics,Computer Lab,,2024-05-22 14:07:24,
STU10134,2023-2024,,Parking,1.0,2023-10-15 15:16:22,
STU10135,2022-2023,Psychology,Computer Lab,5.0,2022-03-16 16:49:58,
STU10136,2022-2023,Architecture,Sports Complex,5.0,2022-02-27 15:16:13,
STU10137,2022-2023,History,Hostel,3.0,2022-11-08 15:22:43,
STU10138,,Civil Engineering,Classrooms,1.0,2024-02-01 10:54:34,
STU10139,,Psychology,Hostel,3.0,,Good experience with hostel
STU10140,2022-2023,,Auditorium,4.0,2022-09-10 17:38:19,
STU10141,2022-2023,Electrical Engineering,Administration Office,1.0,2022-04-18 13:24:47,Could be better at administration office
STU10142,2021-2022,Computer Science,Auditorium,4.0,2021-12-27 13:36:42,
STU10143,2024-2025,Architecture,Administration Office,2.0,2024-02-25 15:51:03,Poor maintenance of administration office
STU10144,2024-2025,Biology,Computer Lab,5.0,2024-10-11 10:56:25,Needs improvement in computer lab
STU10145,2023-2024,Biology,Computer Lab,,2023-07-17 17:34:19,
STU10146,2021-2022,Chemistry,,2.0,2021-02-17 16:02:31,
STU10147,2023-2024,Economics,Auditorium,1.0,2023-04-14 13:33:10,
STU10148,2022-2023,History,Auditorium,3.0,2022-09-02 17:14:39,
STU10149,2023-2024,,Administration Office,1.0,2023-06-08 13:47:25,
STU10150,2024-2025,Economics,Computer Lab,5.0,2024-02-08 11:57:02,
STU10151,2023-2024,English Literature,Library,5.0,2023-03-16 16:27:32,Disappointed with library condition
STU10152,2023-2024,English Literature,Auditorium,5.0,2023-10-04 14:59:06,
STU10153,2024-2025,Physics,Cafeteria,2.0,2024-10-11 13:29:38,Poor maintenance of cafeteria
STU10154,2023-2024,Economics,Medical Center,2.0,2023-11-17 17:16:39,Poor maintenance of medical center
STU10155,2021-2022,Economics,Cafeteria,3.0,2021-07-10 17:31:33,
STU10156,,Architecture,Computer Lab,4.0,2023-04-20 12:49:03,
STU10157,2023-2024,Biology,Library,5.0,2023-01-22 16:58:17,
STU10158,2024-2025,Economics,Sports Complex,5.0,2024-04-12 15:28:10,
STU10159,2022-2023,Electrical Engineering,Parking,1.0,2022-02-14 10:28:03,
STU10160,2022-2023,Psychology,Medical Center,5.0,2022-11-20 10:46:13,Satisfactory services at medical center
STU10161,2022-2023,,Administration Office,,2022-05-15 13:58:19,
STU10162,2022-2023,Electrical Engineering,Library,5.0,2022-06-15 10:34:48,
STU10163,2022-2023,History,Administration Office,1.0,2022-09-17 13:07:14,
STU10164,2023-2024,Psychology,Cafeteria,5.0,2023-12-21 16:59:57,
STU10165,2023-2024,Physics,Medical Center,1.0,,
,2021-2022,Biology,Computer Lab,4.0,2021-08-08 09:07:20,Disappointed with computer lab condition
STU10167,2022-2023,Biology,Auditorium,1.0,2022-12-06 17:07:10,
STU10168,2021-2022,Computer Science,Auditorium,4.0,2021-04-01 16:31:49,
STU10169,2023-2024,Computer Science,Auditorium,5.0,,
STU10170,2024-2025,Chemistry,Parking,3.0,2024-02-10 15:43:48,
STU10171,2021-2022,English Literature,Classrooms,1.0,,Poor maintenance of classrooms
STU10172,2024-2025,Mechanical Engineering,Sports Complex,5.0,2024-11-07 12:15:03,
STU10173,2023-2024,Electrical Engineering,Auditorium,4.0,2023-10-14 10:53:11,Excellent facilities at auditorium
STU10174,2022-2023,Electrical Engineering,Parking,1.0,2022-04-13 16:28:54,
STU10175,2021-2022,History,Hostel,1.0,2021-03-22 13:31:55,
STU10176,2023-2024,,Cafeteria,3.0,2023-06-15 09:06:11,Excellent facilities at cafeteria
,2023-2024,Economics,Administration Office,2.0,2023-04-28 12:59:23,
STU10178,2023-2024,Physics,Sports Complex,4.0,2023-02-04 10:14:33,
STU10179,2023-2024,Electrical Engineering,Cafeteria,2.0,2023-06-12 11:44:17,
STU10180,2023-2024,,Parking,2.0,2023-07-10 10:54:36,
STU10181,2022-2023,Architecture,Classrooms,4.0,2022-08-07 17:19:01,Good experience with classrooms
STU10182,2022-2023,Physics,Hostel,3.0,2022-05-01 16:11:55,
STU10183,2022-2023,English Literature,Parking,1.0,2022-10-10 17:00:04,Satisfactory services at parking
STU10184,2024-2025,Physics,Classrooms,4.0,2024-12-25 13:46:36,
STU10185,2023-2024,Mathematics,Administration Office,2.0,2023-06-12 12:49:13,Very happy with administration office services
STU10186,,,Library,4.0,2022-06-05 13:58:04,Satisfactory services at library
STU10187,2021-2022,Chemistry,Sports Complex,5.0,2021-08-27 10:24:49,
,,Mathematics,Hostel,1.0,2023-06-20 15:44:51,
STU10189,2022-2023,Psychology,Administration Office,3.0,2022-01-23 16:28:31,Very happy with administration office services
STU10190,2021-2022,Mechanical Engineering,Library,5.0,2021-10-11 10:17:16,
STU10191,2024-2025,Computer Science,Administration Office,2.0,2024-04-01 09:18:30,
STU10192,,Business Administration,Auditorium,2.0,2022-12-02 10:05:08,
STU10193,2024-2025,Economics,Auditorium,5.0,2024-09-11 12:33:37,
STU10194,2023-2024,Biology,Hostel,2.0,2023-09-23 11:44:10,
STU10195,2022-2023,Psychology,Auditorium,5.0,2022-01-12 15:14:20,
STU10196,2023-2024,Computer Science,Library,5.0,2023-03-12 14:25:10,
STU10197,2023-2024,Chemistry,Hostel,2.0,,
STU10198,2021-2022,Chemistry,Auditorium,4.0,,
STU10199,2022-2023,Psychology,Classrooms,2.0,2022-12-27 13:22:42,Very happy with classrooms services
STU10200,2021-2022,Physics,Sports Complex,5.0,2021-04-21 14:18:33,Poor maintenance of sports complex
STU10201,2022-2023,Civil Engineering,Cafeteria,2.0,,
STU10202,,English Literature,Medical Center,4.0,2021-10-07 15:55:48,
STU10203,2022-2023,Civil Engineering,Sports Complex,5.0,2022-07-22 09:43:55,
STU10204,2021-2022,Economics,Medical Center,5.0,2021-06-28 17:25:08,
STU10205,2021-2022,,Parking,3.0,2021-01-26 13:03:49,
STU10206,2024-2025,Psychology,Parking,3.0,2024-03-04 09:54:49,Good experience with parking
,2023-2024,Mechanical Engineering,Library,4.0,2023-01-22 13:14:34,
STU10208,2023-2024,Chemistry,Auditorium,5.0,2023-09-25 10:34:06,
STU10209,2022-2023,Biology,Medical Center,1.0,2022-01-11 15:23:59,
STU10210,2023-2024,Biology,Parking,3.0,,Disappointed with parking condition
STU10211,,Biology,Auditorium,4.0,2022-01-28 10:59:04,Disappointed with auditorium condition
STU10212,2023-2024,Biology,Administration Office,2.0,2023-06-12 11:21:05,Poor maintenance of administration office
STU10213,2023-2024,Computer Science,Cafeteria,2.0,2023-07-20 16:21:43,Excellent facilities at cafeteria
STU10214,2021-2022,Physics,Medical Center,2.0,2021-09-23 09:15:11,
STU10215,2022-2023,Architecture,Medical Center,4.0,2022-03-08 14:04:19,
STU10216,2023-2024,Physics,Computer Lab,4.0,2023-06-18 16:38:31,Disappointed with computer lab condition
STU10217,2023-2024,Civil Engineering,Hostel,1.0,2023-04-01 15:49:44,
STU10218,2021-2022,English Literature,Auditorium,1.0,2021-01-11 11:51:22,
STU10219,2024-2025,,Cafeteria,3.0,2024-06-28 13:51:41,
STU10220,2022-2023,Biology,Hostel,2.0,,Could be better at hostel
STU10221,2021-2022,Business Administration,Cafeteria,,2021-11-02 11:17:13,
STU10222,,,Hostel,1.0,2023-06-01 12:30:13,Disappointed with hostel condition
STU10223,2023-2024,Economics,Sports Complex,5.0,2023-09-06 17:12:52,Excellent facilities at sports complex
STU10224,2021-2022,Physics,Sports Complex,4.0,2021-12-28 12:17:28,Could be better at sports complex
STU10225,2021-2022,English Literature,Hostel,2.0,2021-03-19 13:18:33,
STU10226,2021-2022,English Literature,,1.0,2021-08-15 17:22:18,Excellent facilities at hostel
STU10227,2021-2022,Architecture,Cafeteria,4.0,2021-01-04 12:38:39,
,2023-2024,Civil Engineering,Sports Complex,,2023-06-07 10:36:51,
STU10229,2023-2024,Electrical Engineering,Medical Center,3.0,2023-12-22 15:36:21,
,2022-2023,Architecture,,4.0,2022-05-10 15:57:55,
STU10231,2022-2023,Business Administration,Parking,1.0,2022-05-21 10:36:44,Good experience with parking
STU10232,2021-2022,History,,5.0,2021-07-21 12:33:51,Needs improvement in computer lab
STU10233,2022-2023,Physics,Sports Complex,5.0,2022-10-21 09:40:16,
STU10234,2024-2025,Mechanical Engineering,Library,5.0,2024-10-28 16:20:27,
STU10235,2023-2024,English Literature,Classrooms,1.0,2023-01-28 15:23:44,Disappointed with classrooms condition
,2024-2025,Psychology,Computer Lab,4.0,2024-08-25 15:42:00,Disappointed with computer lab condition
STU10237,2021-2022,Computer Science,Computer Lab,5.0,2021-08-26 12:10:51,
STU10238,2023-2024,History,Cafeteria,3.0,2023-10-05 13:29:53,
STU10239,2022-2023,Biology,Library,4.0,2022-08-25 17:01:14,Good experience with library
STU10240,2022-2023,Civil Engineering,Auditorium,1.0,2022-09-26 15:49:09,
STU10241,2022-2023,Mathematics,,2.0,2022-05-16 10:10:09,
,2024-2025,Psychology,Auditorium,1.0,2024-08-27 17:49:21,Poor maintenance of auditorium
STU10243,2021-2022,Electrical Engineering,Library,5.0,2021-03-26 15:38:48,Very happy with library services
STU10244,2022-2023,Economics,Computer Lab,5.0,2022-08-14 15:22:43,Disappointed with computer lab condition
STU10245,2023-2024,English Literature,Auditorium,4.0,2023-02-02 13:14:51,
STU10246,2022-2023,Electrical Engineering,Medical Center,4.0,2022-06-11 13:32:55,
STU10247,2021-2022,Psychology,Medical Center,4.0,2021-09-05 16:41:57,Good experience with medical center
STU10248,2023-2024,Electrical Engineering,Library,4.0,2023-03-10 10:42:24,
STU10249,2023-2024,Psychology,Hostel,1.0,2023-09-20 12:21:41,
STU10250,2021-2022,Computer Science,Auditorium,2.0,2021-05-25 12:10:15,Very happy with auditorium services
STU10251,2022-2023,Electrical Engineering,Computer Lab,4.0,2022-04-20 16:53:34,Could be better at computer lab
STU10252,2022-2023,Mathematics,Medical Center,5.0,2022-10-06 12:59:56,
STU10253,2022-2023,Psychology,Sports Complex,5.0,2022-03-24 13:15:57,
STU10254,2023-2024,Architecture,Administration Office,2.0,2023-02-19 11:48:45,Disappointed with administration office condition
,2022-2023,Architecture,Parking,2.0,2022-04-19 12:29:54,
STU10256,2022-2023,,Library,5.0,2022-11-15 17:59:53,
STU10257,2022-2023,Civil Engineering,Sports Complex,5.0,2022-11-15 14:46:13,
STU10258,2023-2024,,Computer Lab,4.0,2023-10-18 11:12:42,Could be better at computer lab
STU10259,2023-2024,Biology,Library,5.0,2023-03-21 11:41:34,
STU10260,2024-2025,Economics,Computer Lab,5.0,2024-05-10 13:35:05,
STU10261,2021-2022,,Hostel,3.0,2021-08-25 12:05:40,Poor maintenance of hostel
STU10262,2021-2022,Physics,Sports Complex,5.0,2021-04-21 16:43:41,Poor maintenance of sports complex
STU10263,2022-2023,Psychology,Administration Office,3.0,2022-06-10 17:12:05,Excellent facilities at administration office
STU10264,2024-2025,English Literature,Sports Complex,5.0,2024-11-25 13:03:49,
STU10265,2022-2023,Mechanical Engineering,Administration Office,2.0,2022-08-15 15:20:41,
STU10266,2023-2024,Architecture,Auditorium,5.0,2023-10-21 10:04:02,
STU10267,2021-2022,Computer Science,Cafeteria,,2021-09-21 17:40:32,Poor maintenance of cafeteria
STU10268,2022-2023,Physics,,1.0,2022-01-24 10:27:57,
STU10269,2023-2024,Computer Science,,5.0,2023-06-02 09:09:20,Could be better at library
STU10270,2024-2025,Mechanical Engineering,Parking,2.0,2024-03-07 14:11:23,
STU10271,2021-2022,English Literature,Parking,3.0,2021-03-17 15:20:19,
STU10272,2023-2024,Civil Engineering,Classrooms,5.0,2023-06-20 17:39:57,
STU10273,2023-2024,Mechanical Engineering,Auditorium,3.0,2023-08-12 09:41:51,
,2022-2023,Psychology,Auditorium,3.0,2022-02-11 11:04:50,Poor maintenance of auditorium
STU10275,2023-2024,Mathematics,Auditorium,4.0,,
STU10276,2024-2025,Mathematics,Hostel,1.0,2024-04-06 10:06:15,
STU10277,2024-2025,Mechanical Engineering,Administration Office,2.0,2024-12-01 15:07:36,
STU10278,2024-2025,Business Administration,Sports Complex,5.0,2024-06-19 17:11:10,
STU10279,2024-2025,Economics,,5.0,2024-05-13 10:03:27,
STU10280,2022-2023,,Computer Lab,5.0,2022-01-04 17:19:33,Could be better at computer lab
STU10281,2023-2024,Economics,Auditorium,4.0,2023-06-18 14:18:59,
STU10282,2022-2023,History,Auditorium,,2022-08-02 14:02:11,
STU10283,2021-2022,Business Administration,Administration Office,1.0,2021-01-21 11:51:33,
STU10284,2022-2023,Chemistry,Auditorium,1.0,2022-05-12 11:32:19,
STU10285,2021-2022,Electrical Engineering,Administration Office,1.0,2021-07-06 17:19:59,
,2021-2022,Electrical Engineering,Sports Complex,5.0,2021-06-15 13:34:56,
STU10287,2023-2024,Architecture,,5.0,2023-07-09 11:59:12,
STU10288,,Biology,Medical Center,3.0,2023-11-02 16:45:37,Excellent facilities at medical center
STU10289,2023-2024,Electrical Engineering,Cafeteria,3.0,2023-04-17 17:39:23,Could be better at cafeteria
STU10290,2022-2023,Physics,Cafeteria,3.0,2022-03-10 11:08:27,Very happy with cafeteria services
STU10291,2023-2024,Physics,Medical Center,1.0,2023-12-19 12:13:55,
STU10292,2023-2024,Mathematics,Library,4.0,2023-01-24 12:24:13,
STU10293,2022-2023,English Literature,Auditorium,4.0,2022-11-04 16:01:40,
STU10294,,Mathematics,Medical Center,5.0,2022-01-16 11:10:45,
STU10295,,Business Administration,Sports Complex,4.0,2023-12-01 13:08:08,
STU10296,2024-2025,Mathematics,Library,4.0,2024-07-15 16:11:53,
STU10297,2023-2024,Physics,,2.0,2023-04-22 16:20:50,
STU10298,2023-2024,Electrical Engineering,,5.0,2023-12-28 12:21:11,
STU10299,,Mechanical Engineering,Administration Office,2.0,2023-07-09 09:07:22,
STU10300,2024-2025,Mechanical Engineering,Library,4.0,2024-06-26 16:18:59,
STU10301,,Economics,Library,5.0,2022-03-16 12:55:48,
,2021-2022,Architecture,Library,4.0,2021-11-20 09:25:38,
STU10303,2023-2024,Architecture,Parking,1.0,2023-09-09 16:36:48,
STU10304,2021-2022,Electrical Engineering,,1.0,2021-07-13 11:10:12,
STU10305,2021-2022,Mathematics,Cafeteria,4.0,2021-08-08 13:44:11,
,2022-2023,Chemistry,Medical Center,4.0,2022-10-05 16:24:26,Could be better at medical center
STU10307,2022-2023,Psychology,Library,5.0,2022-02-18 10:03:29,
,2023-2024,Business Administration,Cafeteria,4.0,2023-08-20 09:32:11,Very happy with cafeteria services
STU10309,2023-2024,Mechanical Engineering,Auditorium,2.0,2023-02-19 10:50:53,Very happy with auditorium services
STU10310,2024-2025,Civil Engineering,Classrooms,3.0,2024-05-02 14:02:15,
STU10311,,Physics,Cafeteria,3.0,2024-01-23 13:20:48,Good experience with cafeteria
STU10312,2023-2024,Physics,Classrooms,4.0,2023-05-22 10:35:34,Good experience with classrooms
STU10313,2022-2023,Chemistry,Hostel,1.0,2022-03-28 17:22:39,
STU10314,2021-2022,English Literature,Auditorium,4.0,2021-12-01 16:38:33,Excellent facilities at auditorium
STU10315,2023-2024,Business Administration,Administration Office,,2023-04-19 10:27:34,
STU10316,2021-2022,,Library,,2021-05-08 10:47:51,
STU10317,2023-2024,Civil Engineering,Library,4.0,2023-05-24 16:58:02,
STU10318,2022-2023,English Literature,Classrooms,3.0,2022-11-10 11:49:05,
STU10319,2022-2023,Architecture,Parking,,2022-05-10 13:34:22,
STU10320,2024-2025,Physics,Library,4.0,2024-11-15 12:16:44,
STU10321,2023-2024,Business Administration,Computer Lab,5.0,2023-02-13 14:52:58,
STU10322,2022-2023,Mechanical Engineering,Cafeteria,2.0,2022-01-21 13:43:10,
STU10323,2022-2023,History,Administration Office,3.0,2022-02-11 12:50:16,
STU10324,2022-2023,Biology,Auditorium,2.0,2022-03-05 15:20:07,Good experience with auditorium
STU10325,2023-2024,Biology,Cafeteria,3.0,2023-05-02 14:44:46,
STU10326,2021-2022,English Literature,Medical Center,4.0,2021-05-17 16:19:40,
STU10327,2024-2025,Computer Science,Cafeteria,3.0,2024-10-16 12:31:05,
STU10328,2022-2023,Biology,Library,5.0,2022-07-15 17:50:49,
STU10329,2024-2025,English Literature,Hostel,2.0,2024-04-07 11:47:08,Excellent facilities at hostel
STU10330,2022-2023,Computer Science,Library,5.0,2022-03-06 11:58:04,
STU10331,2023-2024,Psychology,Hostel,2.0,2023-06-11 11:53:09,Could be better at hostel
STU10332,2023-2024,History,Hostel,1.0,2023-03-24 17:29:46,
STU10333,2022-2023,Chemistry,Library,4.0,2022-07-03 09:35:24,
STU10334,2021-2022,Economics,Administration Office,3.0,2021-12-09 09:35:34,
STU10335,2021-2022,Physics,Hostel,1.0,2021-04-06 11:07:02,
STU10336,2023-2024,Mechanical Engineering,Cafeteria,3.0,2023-06-16 10:39:16,
STU10337,2023-2024,Biology,Hostel,1.0,2023-08-15 10:38:02,
STU10338,2024-2025,Architecture,Medical Center,3.0,2024-06-07 13:38:00,
STU10339,2022-2023,Economics,Computer Lab,4.0,2022-03-25 17:21:30,
STU10340,2023-2024,Architecture,Parking,2.0,2023-08-22 12:19:31,
STU10341,2022-2023,Architecture,Sports Complex,5.0,2022-06-04 15:07:17,
STU10342,2021-2022,Mechanical Engineering,Hostel,3.0,2021-11-09 09:14:56,Needs improvement in hostel
,2023-2024,Mechanical Engineering,Classrooms,1.0,2023-07-24 10:07:40,
STU10344,2024-2025,Economics,Auditorium,1.0,2024-11-19 17:26:33,
STU10345,2023-2024,Electrical Engineering,,1.0,2023-06-16 16:11:50,Needs improvement in cafeteria
STU10346,2021-2022,Economics,Library,5.0,2021-09-24 15:09:46,
STU10347,2024-2025,Business Administration,Library,4.0,2024-11-17 12:46:24,Excellent facilities at library
,2022-2023,Electrical Engineering,Computer Lab,4.0,2022-05-22 15:27:40,
STU10349,2021-2022,Architecture,Cafeteria,4.0,2021-09-28 15:40:12,
STU10350,2024-2025,Mechanical Engineering,Auditorium,1.0,2024-06-11 14:55:21,Excellent facilities at auditorium
STU10351,2023-2024,Economics,Hostel,1.0,2023-08-07 12:17:02,
STU10352,2023-2024,Business Administration,Administration Office,2.0,2023-01-04 13:59:42,
STU10353,2021-2022,Biology,Classrooms,2.0,2021-05-12 13:09:45,Could be better at classrooms
STU10354,2022-2023,Biology,Library,4.0,2022-10-03 17:02:46,
STU10355,2024-2025,Civil Engineering,Administration Office,,2024-09-04 14:00:19,
STU10356,2022-2023,Computer Science,Administration Office,1.0,2022-12-27 14:52:41,
,2024-2025,Mechanical Engineering,Computer Lab,4.0,2024-05-25 09:54:57,Good experience with computer lab
STU10358,2022-2023,English Literature,Computer Lab,5.0,2022-07-04 11:08:31,
STU10359,2023-2024,Physics,Administration Office,2.0,2023-06-27 12:39:02,
STU10360,2024-2025,Mechanical Engineering,Medical Center,,2024-10-04 16:08:54,
STU10361,2024-2025,Mechanical Engineering,Classrooms,1.0,2024-01-27 15:41:56,
STU10362,2023-2024,Economics,Cafeteria,3.0,2023-05-08 16:03:46,Satisfactory services at cafeteria
STU10363,2022-2023,Computer Science,Sports Complex,5.0,2022-06-28 17:46:30,
STU10364,,Computer Science,Hostel,1.0,2021-04-09 16:53:32,
STU10365,2023-2024,Economics,Parking,2.0,2023-05-06 14:21:17,
STU10366,2021-2022,Architecture,,5.0,2021-08-12 09:16:47,
STU10367,2023-2024,History,Classrooms,1.0,2023-04-03 16:58:25,
STU10368,2022-2023,,Auditorium,2.0,2022-03-23 15:37:53,Could be better at auditorium
STU10369,2021-2022,Electrical Engineering,Hostel,2.0,2021-11-21 10:33:54,
STU10370,2024-2025,Architecture,Sports Complex,4.0,2024-01-11 15:16:58,
STU10371,2023-2024,,Classrooms,4.0,2023-09-05 12:36:27,
STU10372,,English Literature,Computer Lab,4.0,2022-12-08 10:54:07,
STU10373,2022-2023,English Literature,Auditorium,5.0,2022-03-12 12:08:53,
STU10374,2024-2025,Electrical Engineering,Library,4.0,2024-07-17 11:19:19,
STU10375,2024-2025,Computer Science,,3.0,2024-10-14 09:17:44,
STU10376,2023-2024,Mechanical Engineering,Sports Complex,5.0,2023-01-26 12:51:22,
STU10377,2022-2023,Physics,Computer Lab,4.0,2022-01-22 10:55:44,Poor maintenance of computer lab
STU10378,2023-2024,English Literature,Administration Office,2.0,2023-03-12 11:18:44,
STU10379,2024-2025,Psychology,Parking,3.0,2024-05-14 12:22:41,
STU10380,2023-2024,Economics,Administration Office,1.0,2023-03-16 15:45:27,
STU10381,2022-2023,Chemistry,Cafeteria,5.0,2022-01-03 16:26:39,Poor maintenance of cafeteria
STU10382,2023-2024,Mathematics,Administration Office,2.0,2023-03-02 17:48:22,Poor maintenance of administration office
STU10383,2022-2023,Business Administration,Computer Lab,5.0,2022-09-25 14:05:36,
STU10384,2022-2023,Psychology,Classrooms,5.0,2022-04-03 11:21:46,Poor maintenance of classrooms
STU10385,2022-2023,Civil Engineering,Auditorium,5.0,2022-07-26 10:29:36,
STU10386,2024-2025,Architecture,Auditorium,3.0,2024-06-04 15:15:55,
STU10387,2023-2024,Mathematics,Library,5.0,2023-07-10 10:08:16,
STU10388,2021-2022,Physics,Library,5.0,2021-04-15 17:58:20,
STU10389,2023-2024,Physics,Cafeteria,4.0,,Very happy with cafeteria services
STU10390,2022-2023,Computer Science,Medical Center,2.0,2022-07-25 09:33:58,
STU10391,2022-2023,Biology,Sports Complex,5.0,2022-03-17 09:11:47,
STU10392,2024-2025,Computer Science,Library,5.0,2024-04-04 10:48:18,
STU10393,2021-2022,Architecture,Parking,2.0,2021-02-23 12:23:58,
STU10394,2023-2024,Computer Science,Library,5.0,2023-05-01 13:26:15,
STU10395,2021-2022,Architecture,Cafeteria,3.0,2021-12-16 17:19:30,
STU10396,2022-2023,Mathematics,Classrooms,3.0,2022-09-05 16:06:13,
STU10397,2023-2024,Psychology,Cafeteria,3.0,2023-02-20 16:59:32,
STU10398,2022-2023,English Literature,Computer Lab,5.0,2022-01-06 09:04:56,
STU10399,2023-2024,Mathematics,Library,4.0,2023-09-19 14:04:58,Very happy with library services
STU10400,2022-2023,Computer Science,Sports Complex,5.0,2022-07-14 15:18:53,
STU10401,2024-2025,Mathematics,Hostel,3.0,2024-09-25 16:25:28,
,2021-2022,Chemistry,Computer Lab,5.0,2021-09-05 10:25:19,
STU10403,2022-2023,History,Medical Center,3.0,2022-03-10 10:24:34,Poor maintenance of medical center
STU10404,2023-2024,Biology,,2.0,2023-11-23 15:26:28,
STU10405,2021-2022,Physics,Classrooms,4.0,2021-12-19 12:34:46,
STU10406,,,Cafeteria,3.0,2023-10-09 09:31:47,
,2023-2024,English Literature,Hostel,3.0,2023-01-19 17:09:52,
STU10408,2023-2024,Business Administration,Administration Office,2.0,2023-02-25 09:48:44,
STU10409,2022-2023,Civil Engineering,Cafeteria,1.0,2022-10-04 17:44:45,Disappointed with cafeteria condition
STU10410,2022-2023,Biology,Library,5.0,2022-11-22 10:34:51,
STU10411,2024-2025,History,Sports Complex,,2024-09-27 11:55:27,
STU10412,2023-2024,,Hostel,2.0,,Poor maintenance of hostel
STU10413,2021-2022,Computer Science,Auditorium,5.0,2021-11-16 10:39:10,
,2023-2024,Chemistry,Library,5.0,2023-02-16 15:09:17,
STU10415,2024-2025,English Literature,Administration Office,1.0,2024-10-06 09:54:55,
STU10416,,Architecture,Parking,2.0,2022-06-11 17:38:48,
,2024-2025,Business Administration,Auditorium,2.0,2024-08-27 13:01:57,Poor maintenance of auditorium
STU10418,2024-2025,Mathematics,Sports Complex,5.0,2024-11-05 10:33:21,
STU10419,,Economics,Sports Complex,5.0,2023-07-11 14:23:03,Good experience with sports complex
STU10420,2023-2024,Architecture,Classrooms,2.0,2023-09-01 14:37:20,Excellent facilities at classrooms
STU10421,2023-2024,History,Computer Lab,5.0,2023-03-13 12:18:34,
STU10422,2021-2022,,Administration Office,2.0,2021-09-21 12:23:24,
STU10423,2022-2023,Psychology,Computer Lab,5.0,2022-10-17 15:15:32,
STU10424,2024-2025,Biology,Cafeteria,5.0,2024-03-07 14:40:53,
STU10425,2024-2025,History,Medical Center,3.0,2024-09-22 17:28:46,
STU10426,2021-2022,Architecture,Sports Complex,4.0,2021-07-13 09:54:39,
STU10427,2023-2024,,Hostel,1.0,2023-06-01 09:42:31,
STU10428,2022-2023,Chemistry,Cafeteria,4.0,2022-02-09 15:54:46,
STU10429,2022-2023,Architecture,Administration Office,2.0,2022-09-15 09:32:18,
STU10430,2022-2023,Chemistry,Library,4.0,2022-02-19 14:00:33,Very happy with library services
STU10431,2021-2022,Computer Science,Computer Lab,,2021-07-24 09:06:12,
STU10432,2024-2025,Psychology,Parking,2.0,2024-05-01 09:16:42,Excellent facilities at parking
STU10433,2022-2023,Economics,Computer Lab,4.0,2022-10-28 17:53:27,
STU10434,2023-2024,Economics,Auditorium,1.0,2023-03-12 11:53:40,
STU10435,2023-2024,Electrical Engineering,Hostel,2.0,2023-03-11 13:45:29,
STU10436,2021-2022,Mechanical Engineering,Administration Office,3.0,2021-12-15 17:39:35,
STU10437,2023-2024,Computer Science,Hostel,1.0,2023-06-15 12:28:58,Satisfactory services at hostel
STU10438,2022-2023,Biology,Administration Office,1.0,,
STU10439,2024-2025,Architecture,Hostel,2.0,2024-01-09 10:55:14,Poor maintenance of hostel
STU10440,2023-2024,Chemistry,Parking,2.0,2023-07-26 12:16:34,
STU10441,2023-2024,,Medical Center,4.0,2023-09-28 14:28:57,
,2023-2024,Electrical Engineering,Computer Lab,5.0,2023-04-10 13:52:21,
STU10443,2022-2023,,Classrooms,3.0,2022-09-08 10:29:29,
,2023-2024,Computer Science,Parking,2.0,2023-12-19 15:17:31,
STU10445,2023-2024,Physics,Cafeteria,3.0,2023-01-13 13:57:45,Poor maintenance of cafeteria
STU10446,2024-2025,Chemistry,Medical Center,5.0,2024-04-23 15:05:23,
STU10447,2023-2024,Computer Science,Administration Office,1.0,2023-06-06 13:31:34,
STU10448,2023-2024,Architecture,Hostel,2.0,2023-09-24 16:39:28,
STU10449,2023-2024,Mechanical Engineering,Hostel,2.0,2023-01-22 14:47:26,
STU10450,2022-2023,English Literature,Parking,1.0,2022-11-03 09:34:51,
STU10451,2024-2025,Biology,Computer Lab,4.0,2024-06-14 16:49:48,
,2021-2022,English Literature,Parking,2.0,2021-05-21 11:24:03,
STU10453,2023-2024,English Literature,Hostel,2.0,2023-11-25 12:47:18,
STU10454,2022-2023,Mechanical Engineering,Medical Center,4.0,2022-05-27 13:50:20,
STU10455,2023-2024,Computer Science,Parking,2.0,2023-09-14 10:26:54,
STU10456,2021-2022,English Literature,Computer Lab,5.0,2021-07-09 17:40:53,Satisfactory services at computer lab
STU10457,2023-2024,Psychology,,5.0,2023-08-12 14:21:49,
STU10458,2024-2025,Architecture,Hostel,1.0,2024-01-23 16:53:19,
STU10459,2023-2024,Mathematics,Parking,2.0,2023-02-05 09:37:01,
STU10460,2023-2024,Mathematics,Administration Office,2.0,2023-04-08 16:25:29,
STU10461,2023-2024,Psychology,Medical Center,5.0,2023-11-15 16:47:26,
,2022-2023,Physics,Cafeteria,3.0,2022-04-05 09:46:30,
STU10463,2022-2023,Business Administration,Sports Complex,5.0,2022-05-23 09:16:41,
STU10464,2021-2022,English Literature,Hostel,,2021-12-26 10:58:19,Disappointed with hostel condition
STU10465,2021-2022,Civil Engineering,Computer Lab,5.0,2021-05-25 16:07:39,Very happy with computer lab services
STU10466,2023-2024,Architecture,Administration Office,1.0,2023-08-28 15:27:48,
STU10467,,Civil Engineering,Computer Lab,4.0,2022-04-18 14:23:55,Needs improvement in computer lab
STU10468,2024-2025,English Literature,Computer Lab,5.0,2024-10-08 16:34:43,Could be better at computer lab
STU10469,2024-2025,Computer Science,Medical Center,2.0,,
STU10470,2023-2024,Mechanical Engineering,Cafeteria,4.0,2023-08-17 15:38:12,
STU10471,2024-2025,Civil Engineering,Parking,1.0,,
STU10472,2023-2024,Physics,Cafeteria,2.0,2023-07-07 12:58:24,
STU10473,2024-2025,Economics,Library,5.0,2024-06-19 17:59:25,
STU10474,2022-2023,History,Medical Center,1.0,2022-11-06 14:55:27,Satisfactory services at medical center
STU10475,2022-2023,Economics,Classrooms,2.0,2022-06-06 16:54:07,
STU10476,2023-2024,Electrical Engineering,Parking,1.0,,
,2022-2023,Civil Engineering,Auditorium,1.0,2022-05-26 12:38:21,
STU10478,2023-2024,Chemistry,Hostel,1.0,2023-04-13 09:53:35,
STU10479,2022-2023,Computer Science,Administration Office,2.0,2022-02-27 15:45:07,Needs improvement in administration office
STU10480,2023-2024,Economics,Medical Center,5.0,2023-01-28 17:15:54,
STU10481,2022-2023,Computer Science,Medical Center,5.0,2022-02-14 10:12:42,Excellent facilities at medical center
STU10482,2021-2022,Computer Science,Administration Office,1.0,2021-09-20 13:22:51,Good experience with administration office
STU10483,2022-2023,Biology,Library,5.0,2022-11-02 17:31:14,
STU10484,2023-2024,Physics,Auditorium,3.0,,
STU10485,2021-2022,Computer Science,Library,4.0,2021-05-21 16:22:55,
STU10486,,Business Administration,Cafeteria,1.0,2021-01-03 11:10:23,Satisfactory services at cafeteria
STU10487,2022-2023,Mathematics,Cafeteria,4.0,2022-11-17 14:18:55,
STU10488,2024-2025,Psychology,Computer Lab,5.0,2024-04-22 09:42:35,
STU10489,2021-2022,Computer Science,Auditorium,4.0,2021-07-28 11:57:59,
STU10490,2021-2022,English Literature,Library,4.0,2021-08-01 16:23:15,
STU10491,2021-2022,English Literature,Auditorium,4.0,2021-08-23 17:33:02,Could be better at auditorium
STU10492,2021-2022,Physics,Parking,2.0,2021-08-10 11:02:23,
STU10493,2023-2024,Computer Science,Cafeteria,4.0,2023-09-21 10:22:30,
STU10494,2023-2024,Civil Engineering,Medical Center,1.0,2023-06-25 10:29:02,
STU10495,2022-2023,Computer Science,Sports Complex,4.0,2022-01-20 14:14:57,Poor maintenance of sports complex
STU10496,2023-2024,Physics,Computer Lab,5.0,2023-10-05 14:48:42,
STU10497,,Civil Engineering,Hostel,1.0,2023-03-22 16:22:02,
STU10498,2023-2024,Civil Engineering,Library,4.0,2023-11-05 13:54:36,Excellent facilities at library
STU10499,2023-2024,Business Administration,Auditorium,3.0,2023-02-01 16:59:50,
STU10500,2023-2024,History,Medical Center,2.0,2023-11-08 14:27:57,
STU10501,2021-2022,Chemistry,Computer Lab,4.0,2021-02-23 12:24:11,
STU10502,2022-2023,Business Administration,Library,4.0,2022-10-22 13:14:16,Satisfactory services at library
STU10503,2022-2023,Mathematics,Library,5.0,2022-10-13 09:37:16,
STU10504,2024-2025,Electrical Engineering,Administration Office,3.0,2024-06-27 09:30:52,Poor maintenance of administration office
STU10505,2021-2022,Biology,Parking,2.0,2021-09-02 13:25:19,Satisfactory services at parking
STU10506,2023-2024,Mechanical Engineering,Sports Complex,5.0,2023-07-12 15:14:18,
STU10507,2021-2022,Electrical Engineering,Library,5.0,2021-04-04 11:31:57,
STU10508,,Economics,Library,5.0,2024-02-01 11:31:35,
STU10509,2023-2024,Architecture,Computer Lab,4.0,2023-04-08 12:44:25,Excellent facilities at computer lab
STU10510,2023-2024,Electrical Engineering,Classrooms,3.0,2023-09-07 10:07:06,
,,Chemistry,Auditorium,3.0,2024-10-06 10:49:04,
STU10512,2022-2023,Mechanical Engineering,Medical Center,5.0,2022-06-24 12:28:22,
STU10513,2022-2023,Mathematics,,,2022-05-10 12:05:47,
STU10514,2023-2024,Chemistry,Library,5.0,,
STU10515,2024-2025,Electrical Engineering,Classrooms,1.0,2024-04-22 15:10:12,
STU10516,2021-2022,History,Medical Center,1.0,2021-02-17 17:08:22,Excellent facilities at medical center
STU10517,2022-2023,Civil Engineering,Medical Center,1.0,2022-12-02 16:47:46,
STU10518,2024-2025,Physics,Parking,1.0,2024-09-25 11:51:47,Satisfactory services at parking
STU10519,2022-2023,Business Administration,Computer Lab,,,Needs improvement in computer lab
STU10520,2021-2022,English Literature,Library,4.0,2021-03-21 14:56:43,
STU10521,2022-2023,Chemistry,Sports Complex,5.0,2022-02-26 16:06:46,
STU10522,2021-2022,History,Library,4.0,2021-01-24 12:20:07,
STU10523,2021-2022,History,Classrooms,5.0,2021-12-05 15:15:13,
STU10524,2021-2022,History,Computer Lab,5.0,2021-04-15 12:18:12,
STU10525,2024-2025,English Literature,Medical Center,4.0,2024-04-25 14:35:01,
STU10526,2023-2024,Business Administration,Classrooms,4.0,2023-03-23 10:12:42,
STU10527,2022-2023,Biology,Sports Complex,5.0,2022-04-09 15:50:18,
STU10528,2024-2025,Physics,Sports Complex,5.0,2024-04-18 10:04:19,
STU10529,2023-2024,Biology,Parking,1.0,2023-12-02 17:41:30,
STU10530,2024-2025,Architecture,Cafeteria,1.0,2024-05-19 13:31:01,
STU10531,2022-2023,Mechanical Engineering,Administration Office,2.0,2022-07-21 16:00:10,
STU10532,2023-2024,Chemistry,Hostel,1.0,2023-01-01 09:46:27,
STU10533,2023-2024,Chemistry,Administration Office,2.0,2023-03-26 16:49:42,
STU10534,2021-2022,Electrical Engineering,Parking,3.0,2021-06-02 09:15:01,
STU10535,2022-2023,Biology,Auditorium,5.0,2022-10-28 16:32:12,
STU10536,2023-2024,Business Administration,Classrooms,5.0,2023-06-25 12:49:42,Disappointed with classrooms condition
STU10537,2022-2023,Chemistry,Auditorium,2.0,2022-12-08 17:11:25,Disappointed with auditorium condition
STU10538,2024-2025,Civil Engineering,Medical Center,4.0,2024-02-01 11:59:35,Satisfactory services at medical center
STU10539,2023-2024,Physics,Hostel,1.0,2023-12-05 12:38:23,
STU10540,,Business Administration,Hostel,1.0,2023-02-26 14:55:05,
STU10541,2022-2023,Architecture,Sports Complex,5.0,2022-01-13 12:19:17,
STU10542,2022-2023,Economics,Computer Lab,5.0,2022-08-19 15:30:13,
STU10543,2022-2023,Economics,Medical Center,,2022-07-14 09:40:53,
STU10544,2023-2024,Economics,Sports Complex,5.0,2023-11-14 09:52:30,
STU10545,,Architecture,Classrooms,5.0,2023-11-20 11:04:08,
STU10546,2024-2025,Biology,Hostel,2.0,2024-12-27 17:07:54,
STU10547,2021-2022,English Literature,Medical Center,3.0,2021-06-26 11:19:45,
STU10548,2022-2023,Business Administration,Library,5.0,2022-04-06 16:28:47,Satisfactory services at library
STU10549,2023-2024,Business Administration,Sports Complex,5.0,2023-09-07 12:50:53,
STU10550,,English Literature,Auditorium,4.0,2021-04-15 13:44:21,Disappointed with auditorium condition
STU10551,2021-2022,Chemistry,Parking,1.0,2021-10-23 17:19:55,Very happy with parking services
STU10552,2024-2025,Psychology,Parking,,2024-11-06 10:42:18,
STU10553,2022-2023,Biology,Library,5.0,2022-01-03 16:07:58,Very happy with library services
STU10554,2022-2023,English Literature,Medical Center,5.0,2022-04-25 14:45:11,
STU10555,2024-2025,Architecture,Computer Lab,5.0,2024-09-13 17:53:53,
STU10556,2023-2024,English Literature,Library,5.0,2023-10-11 14:40:22,
STU10557,2022-2023,English Literature,Auditorium,2.0,2022-09-22 11:32:35,Satisfactory services at auditorium
STU10558,2023-2024,Computer Science,Cafeteria,4.0,2023-08-25 11:37:41,
STU10559,2023-2024,Biology,Sports Complex,5.0,2023-07-25 15:21:16,
STU10560,2021-2022,Chemistry,Auditorium,5.0,2021-02-06 12:32:00,Poor maintenance of auditorium
STU10561,2021-2022,Computer Science,Sports Complex,4.0,2021-10-04 09:06:29,
STU10562,2021-2022,Mathematics,Administration Office,3.0,2021-02-20 17:17:27,Disappointed with administration office condition
STU10563,2023-2024,English Literature,Sports Complex,5.0,2023-07-16 15:40:03,Could be better at sports complex
STU10564,2022-2023,History,Sports Complex,5.0,2022-05-07 09:57:25,
STU10565,2021-2022,Biology,Administration Office,3.0,2021-03-05 10:30:36,
STU10566,2022-2023,,,3.0,2022-07-09 14:20:11,
STU10567,2022-2023,Architecture,Computer Lab,5.0,2022-04-07 13:43:53,Very happy with computer lab services
STU10568,2024-2025,History,Classrooms,5.0,2024-10-01 12:58:17,Needs improvement in classrooms
STU10569,2023-2024,Biology,Hostel,,2023-06-10 17:54:56,Satisfactory services at hostel
STU10570,2024-2025,Architecture,Medical Center,4.0,2024-12-19 15:48:08,Could be better at medical center
STU10571,2021-2022,Psychology,Computer Lab,5.0,2021-11-10 15:57:14,
STU10572,2021-2022,Electrical Engineering,Cafeteria,2.0,2021-12-15 11:05:11,
STU10573,2023-2024,Electrical Engineering,Cafeteria,2.0,2023-04-15 12:50:20,Disappointed with cafeteria condition
STU10574,2023-2024,Economics,Cafeteria,1.0,2023-12-14 13:56:06,Could be better at cafeteria
STU10575,2024-2025,Biology,Administration Office,2.0,2024-12-01 16:55:48,Poor maintenance of administration office
STU10576,2024-2025,History,Parking,2.0,2024-09-04 17:22:42,
STU10577,2023-2024,Physics,Hostel,3.0,2023-11-14 10:58:59,Poor maintenance of hostel
STU10578,2023-2024,English Literature,Auditorium,4.0,2023-12-01 12:45:56,Satisfactory services at auditorium
STU10579,2024-2025,Biology,Administration Office,1.0,2024-05-25 12:53:17,
STU10580,2023-2024,Psychology,Hostel,1.0,2023-12-15 10:46:56,
STU10581,2024-2025,Psychology,Computer Lab,5.0,2024-06-13 16:40:00,
STU10582,2024-2025,Psychology,Administration Office,,2024-02-12 15:27:27,
STU10583,2022-2023,History,Sports Complex,5.0,2022-01-05 11:33:34,
STU10584,2023-2024,Architecture,Medical Center,4.0,2023-06-22 11:59:44,Poor maintenance of medical center
STU10585,,Biology,Computer Lab,5.0,2023-05-25 17:00:05,
STU10586,2023-2024,English Literature,Medical Center,5.0,2023-11-18 15:14:32,
STU10587,2021-2022,,Hostel,1.0,,
STU10588,2022-2023,Physics,Computer Lab,5.0,2022-05-26 16:47:44,
STU10589,2021-2022,Business Administration,Classrooms,5.0,2021-12-17 17:01:24,
STU10590,2022-2023,English Literature,Auditorium,5.0,2022-06-06 10:39:02,Satisfactory services at auditorium
STU10591,2021-2022,Electrical Engineering,Hostel,,2021-04-24 11:00:35,Good experience with hostel
STU10592,2024-2025,English Literature,Hostel,3.0,2024-02-19 15:18:24,
STU10593,2024-2025,Computer Science,Parking,1.0,2024-02-16 16:54:17,
STU10594,2023-2024,Biology,Computer Lab,5.0,,
STU10595,2023-2024,Mechanical Engineering,Administration Office,2.0,2023-09-15 12:39:08,
STU10596,2022-2023,Computer Science,Cafeteria,1.0,2022-04-05 15:04:19,
STU10597,2024-2025,Economics,Sports Complex,5.0,2024-10-09 16:02:47,
STU10598,,Architecture,Computer Lab,4.0,2021-05-10 12:55:12,
STU10599,2022-2023,Mathematics,Auditorium,4.0,2022-07-02 14:55:59,Disappointed with auditorium condition
STU10600,2024-2025,Business Administration,Medical Center,5.0,2024-10-19 13:54:30,
STU10601,2024-2025,History,Medical Center,1.0,2024-02-25 15:27:41,
STU10602,2022-2023,Electrical Engineering,Hostel,,2022-04-05 11:21:58,Could be better at hostel
STU10603,,Mathematics,Auditorium,4.0,2021-09-12 15:34:54,Satisfactory services at auditorium
STU10604,2024-2025,Psychology,Cafeteria,1.0,2024-09-16 14:39:50,Poor maintenance of cafeteria
STU10605,2023-2024,Electrical Engineering,Parking,2.0,2023-07-27 10:35:24,
STU10606,2021-2022,Biology,Auditorium,1.0,2021-08-11 11:33:27,
STU10607,2024-2025,Architecture,Cafeteria,2.0,2024-05-22 16:38:29,
STU10608,2024-2025,Biology,Medical Center,1.0,2024-01-08 16:53:03,
STU10609,2023-2024,Economics,Administration Office,3.0,2023-01-27 14:06:43,Satisfactory services at administration office
STU10610,2024-2025,Business Administration,Library,4.0,2024-04-05 17:58:16,
STU10611,2024-2025,Electrical Engineering,Sports Complex,5.0,2024-03-20 09:59:23,Needs improvement in sports complex
STU10612,2022-2023,Architecture,Hostel,1.0,2022-06-27 10:35:54,Satisfactory services at hostel
STU10613,2023-2024,Economics,Auditorium,2.0,2023-08-08 12:48:12,
,2022-2023,History,Auditorium,5.0,2022-02-18 14:06:28,Disappointed with auditorium condition
,2023-2024,Biology,Administration Office,1.0,2023-02-17 13:13:24,
STU10616,2022-2023,Business Administration,,5.0,2022-05-16 10:57:48,Disappointed with computer lab condition
STU10617,2022-2023,Mechanical Engineering,Sports Complex,5.0,2022-02-06 09:38:24,
STU10618,2024-2025,Electrical Engineering,Auditorium,5.0,2024-08-09 13:41:56,Satisfactory services at auditorium
STU10619,2024-2025,,Classrooms,2.0,2024-07-06 09:17:06,
STU10620,2022-2023,Mathematics,Sports Complex,5.0,2022-02-27 09:27:41,Poor maintenance of sports complex
STU10621,2024-2025,,Hostel,1.0,2024-10-24 16:48:12,Could be better at hostel
STU10622,2022-2023,Business Administration,,5.0,2022-10-17 10:22:53,Needs improvement in medical center
STU10623,2023-2024,Civil Engineering,Cafeteria,2.0,2023-10-07 16:05:21,
STU10624,2024-2025,Computer Science,Sports Complex,5.0,2024-05-26 17:58:46,
STU10625,2022-2023,Electrical Engineering,Classrooms,4.0,2022-08-27 14:07:00,
STU10626,2021-2022,Psychology,Cafeteria,1.0,2021-07-28 11:29:28,
STU10627,2024-2025,Economics,Cafeteria,1.0,,Very happy with cafeteria services
STU10628,2024-2025,Biology,Medical Center,1.0,2024-08-22 11:55:54,Poor maintenance of medical center
STU10629,2021-2022,Mechanical Engineering,Library,5.0,2021-06-05 09:50:00,Excellent facilities at library
STU10630,2021-2022,English Literature,,2.0,2021-12-01 12:09:42,Satisfactory services at classrooms
STU10631,2024-2025,History,Computer Lab,4.0,2024-02-14 12:13:13,
STU10632,2023-2024,Mechanical Engineering,Parking,1.0,2023-01-05 14:21:31,
STU10633,2023-2024,Business Administration,Parking,1.0,2023-02-06 09:22:22,Very happy with parking services
STU10634,2022-2023,English Literature,Parking,2.0,,
STU10635,2023-2024,Chemistry,Library,5.0,2023-06-23 11:14:02,Needs improvement in library
STU10636,2022-2023,Physics,Medical Center,3.0,2022-10-18 15:40:00,
STU10637,2023-2024,Biology,Medical Center,2.0,2023-07-26 10:29:35,
STU10638,2022-2023,Computer Science,Parking,3.0,2022-10-19 16:15:40,
STU10639,2023-2024,History,Library,4.0,2023-11-18 10:35:49,
STU10640,2022-2023,,Classrooms,2.0,2022-01-11 17:36:47,
STU10641,2022-2023,Mathematics,Administration Office,1.0,2022-01-17 16:36:56,Good experience with administration office
STU10642,2022-2023,Mathematics,Auditorium,4.0,2022-01-17 13:49:47,
STU10643,2023-2024,Business Administration,Computer Lab,5.0,2023-08-10 09:17:41,Excellent facilities at computer lab
STU10644,2023-2024,Computer Science,Auditorium,1.0,2023-04-18 12:55:55,
STU10645,2021-2022,,Computer Lab,5.0,2021-10-20 17:25:25,Good experience with computer lab
STU10646,2022-2023,Business Administration,Cafeteria,2.0,2022-01-10 11:16:43,
STU10647,2024-2025,Electrical Engineering,Library,5.0,2024-03-08 12:35:52,
STU10648,2022-2023,Civil Engineering,Administration Office,3.0,,
STU10649,2022-2023,Economics,Medical Center,4.0,2022-06-16 12:15:06,
STU10650,2023-2024,Chemistry,Medical Center,1.0,2023-10-25 12:02:51,
STU10651,2022-2023,Mechanical Engineering,Library,5.0,2022-12-01 16:33:43,Poor maintenance of library
STU10652,,Mathematics,Hostel,1.0,2022-07-15 15:16:47,
STU10653,2021-2022,English Literature,Cafeteria,4.0,2021-08-02 12:13:15,
STU10654,2024-2025,Architecture,Classrooms,5.0,2024-04-22 10:11:51,
STU10655,2023-2024,Electrical Engineering,Administration Office,2.0,2023-03-06 12:26:52,Disappointed with administration office condition
STU10656,2022-2023,Business Administration,Cafeteria,2.0,2022-05-23 13:36:08,
STU10657,2021-2022,Computer Science,Parking,1.0,2021-05-25 14:07:41,
STU10658,2022-2023,Architecture,Medical Center,2.0,2022-12-06 15:45:33,Needs improvement in medical center
STU10659,2021-2022,Electrical Engineering,Cafeteria,1.0,2021-12-07 12:41:12,
STU10660,2023-2024,,Sports Complex,5.0,2023-03-02 09:09:33,Excellent facilities at sports complex
STU10661,2023-2024,Physics,Auditorium,2.0,2023-08-26 13:35:09,
STU10662,2022-2023,Civil Engineering,Parking,2.0,2022-06-18 13:21:20,Could be better at parking
STU10663,2024-2025,Mathematics,Medical Center,1.0,2024-01-26 14:37:53,
STU10664,2022-2023,Chemistry,Medical Center,2.0,2022-06-17 11:49:37,
STU10665,,,Computer Lab,5.0,2021-05-25 15:23:32,
STU10666,2021-2022,Physics,Sports Complex,5.0,2021-10-27 17:51:41,Needs improvement in sports complex
STU10667,2022-2023,Psychology,Hostel,2.0,2022-08-23 15:39:32,
STU10668,2022-2023,Computer Science,Computer Lab,4.0,2022-03-19 10:53:17,
STU10669,,Economics,Computer Lab,4.0,2022-04-17 10:57:25,
STU10670,2023-2024,Mathematics,Auditorium,,2023-10-19 10:36:29,
STU10671,,Biology,Library,4.0,2023-02-21 17:07:17,
STU10672,2023-2024,Architecture,Classrooms,5.0,2023-03-03 16:58:57,
STU10673,2021-2022,English Literature,Hostel,1.0,2021-06-12 10:36:06,
STU10674,2023-2024,Psychology,,2.0,,Poor maintenance of administration office
STU10675,2023-2024,Business Administration,Hostel,3.0,2023-08-07 16:27:31,Very happy with hostel services
STU10676,2021-2022,Business Administration,Classrooms,1.0,2021-04-11 13:22:28,
STU10677,2022-2023,Computer Science,,,2022-07-27 12:39:15,
STU10678,2022-2023,History,Parking,,2022-01-28 17:11:04,
STU10679,2022-2023,Mathematics,Cafeteria,5.0,2022-02-14 10:12:38,
STU10680,2023-2024,Architecture,,2.0,2023-05-01 15:55:40,
,2024-2025,Chemistry,Auditorium,5.0,2024-03-22 11:09:11,
STU10682,2024-2025,Mathematics,Sports Complex,5.0,2024-12-02 12:36:02,
STU10683,2024-2025,English Literature,,1.0,2024-07-02 17:13:03,
STU10684,2021-2022,Mechanical Engineering,Parking,3.0,2021-04-05 10:41:00,Needs improvement in parking
STU10685,2021-2022,English Literature,Administration Office,2.0,,
STU10686,2023-2024,Civil Engineering,Library,4.0,2023-04-07 15:01:48,
STU10687,2023-2024,Mathematics,Cafeteria,3.0,2023-02-23 16:48:59,
STU10688,2023-2024,Economics,Sports Complex,5.0,2023-12-04 11:21:48,Good experience with sports complex
STU10689,,History,Library,4.0,2024-05-24 12:30:43,Very happy with library services
STU10690,2021-2022,,Medical Center,4.0,2021-05-21 09:49:36,
STU10691,2022-2023,Mechanical Engineering,Sports Complex,4.0,2022-04-19 15:56:43,Satisfactory services at sports complex
STU10692,,Business Administration,Medical Center,2.0,2024-10-09 15:04:57,
STU10693,2023-2024,History,Cafeteria,5.0,2023-08-01 09:38:13,Excellent facilities at cafeteria
STU10694,2021-2022,,Computer Lab,4.0,2021-04-08 14:42:18,
STU10695,2021-2022,Architecture,Administration Office,3.0,2021-11-17 12:57:43,
STU10696,2024-2025,Computer Science,Medical Center,2.0,2024-11-21 16:45:22,Could be better at medical center
STU10697,2022-2023,History,Computer Lab,4.0,2022-02-15 14:56:28,
STU10698,2023-2024,Economics,Cafeteria,2.0,2023-05-03 17:39:02,
,2022-2023,Economics,Medical Center,4.0,2022-04-12 10:20:55,
STU10700,2024-2025,Electrical Engineering,Computer Lab,5.0,2024-07-09 09:01:18,
STU10701,2021-2022,,Parking,3.0,2021-09-17 10:35:18,
STU10702,2024-2025,Business Administration,Classrooms,3.0,2024-07-17 15:35:39,Could be better at classrooms
STU10703,2021-2022,Architecture,Sports Complex,5.0,2021-09-04 11:23:13,Needs improvement in sports complex
,2024-2025,History,Hostel,1.0,2024-08-11 11:22:16,
STU10705,2021-2022,Physics,Administration Office,1.0,2021-03-22 11:44:11,
STU10706,2021-2022,,Library,4.0,2021-11-27 15:59:21,
STU10707,2024-2025,English Literature,Hostel,2.0,2024-01-18 16:53:30,
STU10708,2022-2023,Mechanical Engineering,Classrooms,,2022-09-27 17:45:07,
STU10709,2024-2025,Business Administration,Sports Complex,5.0,2024-09-28 10:42:13,
STU10710,2022-2023,Civil Engineering,Classrooms,4.0,2022-08-25 09:06:56,Needs improvement in classrooms
STU10711,2022-2023,Mechanical Engineering,Parking,1.0,2022-12-07 10:01:09,
STU10712,2023-2024,Computer Science,Sports Complex,5.0,2023-09-19 15:38:54,Needs improvement in sports complex
STU10713,2023-2024,Chemistry,Cafeteria,2.0,2023-12-15 14:49:36,
STU10714,2022-2023,Biology,Classrooms,2.0,2022-03-03 09:06:12,
,2021-2022,Psychology,Administration Office,1.0,2021-06-19 13:31:09,Excellent facilities at administration office
STU10716,2022-2023,Mathematics,Classrooms,4.0,2022-08-27 11:02:03,Disappointed with classrooms condition
STU10717,2023-2024,,Administration Office,2.0,2023-08-13 12:45:13,Could be better at administration office
STU10718,2023-2024,Mathematics,Library,4.0,2023-09-02 17:12:51,Poor maintenance of library
,2023-2024,Chemistry,Classrooms,3.0,2023-07-03 11:59:57,
STU10720,2024-2025,Psychology,Medical Center,,2024-09-25 13:44:11,
STU10721,2022-2023,Physics,Administration Office,2.0,2022-03-03 16:04:25,
STU10722,2024-2025,Mathematics,Parking,2.0,2024-02-03 16:30:10,
STU10723,2022-2023,Biology,,4.0,,
STU10724,2022-2023,Economics,Classrooms,5.0,2022-07-27 14:37:01,
STU10725,2023-2024,History,Library,5.0,2023-05-17 12:32:21,
STU10726,2022-2023,Mechanical Engineering,Classrooms,5.0,2022-05-19 10:22:32,Could be better at classrooms
STU10727,2021-2022,History,Hostel,2.0,2021-09-16 13:54:27,
STU10728,2024-2025,Mathematics,Parking,2.0,2024-10-07 13:58:37,
STU10729,2024-2025,Business Administration,Parking,2.0,2024-03-09 14:57:50,
STU10730,2022-2023,Mathematics,Sports Complex,5.0,2022-06-26 09:20:38,
STU10731,2024-2025,English Literature,Sports Complex,5.0,2024-02-27 09:34:34,
,2024-2025,Physics,Classrooms,4.0,2024-03-19 10:17:43,
STU10733,2024-2025,Physics,Hostel,2.0,,
STU10734,2021-2022,Biology,Library,5.0,2021-05-14 13:44:25,
,2022-2023,Mathematics,Computer Lab,4.0,2022-11-16 09:15:36,Very happy with computer lab services
STU10736,2024-2025,,Medical Center,3.0,2024-05-02 14:26:37,
STU10737,2023-2024,Biology,Auditorium,3.0,2023-08-08 09:52:06,Excellent facilities at auditorium
STU10738,2022-2023,Biology,,5.0,2022-04-08 10:56:28,
,2021-2022,Chemistry,Parking,2.0,2021-04-20 14:36:21,
STU10740,2022-2023,Economics,Classrooms,4.0,2022-06-14 13:32:56,
STU10741,2023-2024,Mathematics,Parking,2.0,,
STU10742,2022-2023,Civil Engineering,Auditorium,3.0,2022-10-14 10:24:08,
STU10743,2024-2025,Chemistry,Parking,1.0,2024-06-03 14:57:05,
STU10744,2021-2022,Mechanical Engineering,Medical Center,2.0,,
STU10745,2022-2023,Computer Science,Library,5.0,2022-05-20 17:46:02,
STU10746,2021-2022,Biology,Parking,,2021-08-10 11:23:27,Disappointed with parking condition
STU10747,2021-2022,Computer Science,Cafeteria,1.0,2021-02-11 09:14:25,
STU10748,2022-2023,Electrical Engineering,Parking,1.0,2022-02-07 17:41:49,
STU10749,2022-2023,Electrical Engineering,Medical Center,,2022-10-01 13:47:14,Very happy with medical center services
STU10750,2021-2022,Civil Engineering,Sports Complex,5.0,2021-04-28 09:59:55,Could be better at sports complex
STU10751,2021-2022,Physics,Medical Center,1.0,2021-10-19 09:04:50,Satisfactory services at medical center
STU10752,2023-2024,Business Administration,Computer Lab,5.0,2023-04-04 12:52:17,
STU10753,2023-2024,Biology,Hostel,2.0,2023-12-07 15:28:53,Good experience with hostel
STU10754,2024-2025,,Auditorium,1.0,2024-05-02 12:47:45,
STU10755,2023-2024,Chemistry,Medical Center,,2023-03-20 10:50:40,
STU10756,2024-2025,Civil Engineering,Medical Center,4.0,2024-03-05 09:57:41,
STU10757,2024-2025,Business Administration,Parking,2.0,2024-01-04 12:17:08,Excellent facilities at parking
STU10758,2023-2024,Architecture,Auditorium,2.0,2023-04-18 10:56:48,
,2022-2023,Architecture,Cafeteria,3.0,2022-02-10 14:44:41,
STU10760,2022-2023,Chemistry,,1.0,2022-06-13 12:54:13,
STU10761,2022-2023,Mathematics,Hostel,2.0,2022-06-05 17:41:31,
STU10762,2023-2024,Mechanical Engineering,,2.0,2023-09-09 10:02:45,
STU10763,2023-2024,Psychology,Cafeteria,1.0,2023-02-22 17:43:30,
STU10764,2024-2025,Mechanical Engineering,Computer Lab,5.0,2024-12-10 16:42:24,
STU10765,,Biology,Classrooms,3.0,2023-03-26 17:23:52,
,2022-2023,Computer Science,Parking,3.0,2022-04-02 15:33:25,Poor maintenance of parking
STU10767,2021-2022,Architecture,Classrooms,5.0,,
STU10768,2021-2022,Mathematics,Auditorium,3.0,2021-05-11 16:18:22,
STU10769,2023-2024,English Literature,Cafeteria,2.0,2023-10-07 17:32:18,
STU10770,2022-2023,Psychology,Medical Center,2.0,2022-12-08 13:41:27,Good experience with medical center
STU10771,2022-2023,Biology,Library,5.0,2022-01-11 10:49:52,
STU10772,2022-2023,Psychology,Library,5.0,2022-01-17 14:01:48,
STU10773,2024-2025,Chemistry,Administration Office,2.0,2024-09-08 09:54:28,Could be better at administration office
STU10774,2022-2023,Biology,Parking,2.0,2022-03-14 14:50:22,
STU10775,2021-2022,Physics,Computer Lab,5.0,2021-05-23 17:14:51,
STU10776,2024-2025,Electrical Engineering,Parking,2.0,2024-06-03 16:58:05,
STU10777,,Electrical Engineering,Cafeteria,2.0,2023-07-09 12:11:04,
STU10778,2022-2023,Civil Engineering,Computer Lab,5.0,2022-12-18 17:01:36,Disappointed with computer lab condition
STU10779,2022-2023,Biology,Sports Complex,,2022-10-14 11:47:53,Very happy with sports complex services
STU10780,2022-2023,English Literature,Parking,1.0,,
STU10781,2024-2025,Chemistry,,2.0,2024-09-16 09:52:02,
STU10782,2024-2025,Biology,Medical Center,5.0,2024-09-01 13:26:41,Very happy with medical center services
STU10783,,Civil Engineering,Library,5.0,2023-08-26 12:02:11,
STU10784,2022-2023,Architecture,Classrooms,5.0,2022-09-21 13:34:26,Disappointed with classrooms condition
,2024-2025,Psychology,Computer Lab,5.0,2024-12-11 15:56:01,
STU10786,2021-2022,Mechanical Engineering,Medical Center,5.0,2021-05-26 13:51:44,
STU10787,,,Classrooms,4.0,2023-02-25 10:56:31,Good experience with classrooms
STU10788,2021-2022,Computer Science,Library,4.0,2021-03-12 17:56:50,
STU10789,2023-2024,Mechanical Engineering,Classrooms,5.0,2023-09-15 14:02:59,
STU10790,2023-2024,Mathematics,Administration Office,2.0,,
STU10791,2022-2023,Economics,Parking,,2022-08-16 17:39:49,Needs improvement in parking
STU10792,2023-2024,English Literature,Hostel,2.0,2023-01-05 14:15:40,
STU10793,2024-2025,Mechanical Engineering,Medical Center,4.0,2024-10-05 15:15:34,Needs improvement in medical center
STU10794,2022-2023,Business Administration,Library,4.0,2022-05-17 15:56:42,
STU10795,2023-2024,Civil Engineering,Cafeteria,5.0,2023-07-24 10:22:45,Disappointed with cafeteria condition
STU10796,2022-2023,Computer Science,Classrooms,1.0,2022-03-27 14:34:55,
STU10797,2022-2023,Civil Engineering,Parking,1.0,2022-05-11 09:15:06,
STU10798,2023-2024,Mathematics,Cafeteria,1.0,2023-05-18 12:47:16,Could be better at cafeteria
STU10799,2022-2023,Civil Engineering,Auditorium,2.0,2022-09-28 13:37:02,
STU10800,2022-2023,Psychology,Library,5.0,2022-02-15 17:13:57,
STU10801,2022-2023,Chemistry,Administration Office,1.0,2022-10-17 16:35:57,Excellent facilities at administration office
STU10802,2023-2024,,Auditorium,3.0,2023-04-18 10:36:25,
STU10803,2022-2023,Mathematics,Sports Complex,5.0,2022-06-19 13:27:34,
STU10804,2024-2025,Computer Science,Medical Center,4.0,2024-07-19 13:36:14,
STU10805,2021-2022,History,Hostel,2.0,2021-04-04 14:49:37,
STU10806,2024-2025,English Literature,Administration Office,3.0,2024-08-11 13:17:54,Could be better at administration office
STU10807,2022-2023,Electrical Engineering,Auditorium,3.0,2022-11-12 11:52:38,Poor maintenance of auditorium
STU10808,2023-2024,Physics,Computer Lab,,2023-03-16 14:20:59,
STU10809,2021-2022,Psychology,Computer Lab,4.0,2021-08-09 17:50:34,Needs improvement in computer lab
STU10810,2022-2023,Mathematics,Cafeteria,1.0,2022-01-11 10:05:21,Poor maintenance of cafeteria
STU10811,2021-2022,Economics,Hostel,1.0,2021-07-17 15:29:27,
STU10812,2022-2023,Architecture,Classrooms,3.0,2022-08-06 10:23:36,Could be better at classrooms
STU10813,2023-2024,English Literature,Classrooms,1.0,2023-02-12 17:42:27,
STU10814,2021-2022,Business Administration,Hostel,2.0,2021-10-03 12:28:41,Needs improvement in hostel
STU10815,2022-2023,History,Administration Office,2.0,2022-06-13 13:07:03,
STU10816,2023-2024,Computer Science,Hostel,1.0,2023-07-15 17:36:33,
STU10817,2022-2023,Psychology,Medical Center,4.0,,
STU10818,2022-2023,Psychology,Classrooms,4.0,2022-05-03 12:18:47,
STU10819,2022-2023,Psychology,Medical Center,5.0,2022-07-14 10:41:18,
STU10820,2023-2024,Mechanical Engineering,Auditorium,5.0,2023-10-25 12:13:43,
STU10821,2024-2025,English Literature,Administration Office,1.0,2024-04-19 11:27:20,
STU10822,2024-2025,Chemistry,Cafeteria,3.0,,
STU10823,2024-2025,English Literature,Administration Office,3.0,2024-11-02 17:46:01,
STU10824,2024-2025,History,Medical Center,5.0,2024-06-28 09:46:05,Disappointed with medical center condition
STU10825,2024-2025,English Literature,Library,5.0,,
STU10826,2022-2023,Mathematics,Medical Center,3.0,2022-02-07 13:53:19,
STU10827,2022-2023,Architecture,Medical Center,2.0,2022-06-11 16:38:42,
STU10828,2021-2022,Mathematics,Classrooms,5.0,2021-11-28 16:33:31,
STU10829,2024-2025,,Sports Complex,5.0,2024-09-01 09:28:12,
STU10830,2023-2024,Chemistry,Classrooms,3.0,2023-09-13 09:19:56,
STU10831,2022-2023,Physics,Library,5.0,2022-11-12 17:48:48,
STU10832,2022-2023,Civil Engineering,Medical Center,5.0,2022-10-14 15:55:39,
STU10833,2023-2024,Economics,Administration Office,1.0,2023-04-06 15:03:51,Could be better at administration office
STU10834,2022-2023,Mathematics,Library,4.0,2022-11-07 15:58:54,
STU10835,2022-2023,Chemistry,Administration Office,3.0,2022-02-13 15:54:35,
STU10836,2024-2025,Mechanical Engineering,Hostel,2.0,2024-11-15 16:14:32,
STU10837,2023-2024,Physics,Medical Center,3.0,2023-09-13 15:20:44,
STU10838,2024-2025,English Literature,,5.0,2024-12-11 17:50:34,
STU10839,2023-2024,Electrical Engineering,Medical Center,5.0,2023-07-18 14:07:16,
STU10840,2023-2024,Computer Science,Parking,2.0,2023-11-16 16:22:59,
STU10841,2023-2024,English Literature,Hostel,3.0,2023-01-16 11:55:55,Could be better at hostel
STU10842,2023-2024,Physics,,4.0,2023-12-28 15:16:14,Needs improvement in sports complex
STU10843,2024-2025,Physics,Medical Center,2.0,2024-06-26 12:34:33,Could be better at medical center
STU10844,2021-2022,,Hostel,1.0,2021-09-26 12:21:30,
STU10845,2024-2025,History,Computer Lab,5.0,2024-11-20 13:22:08,
STU10846,2024-2025,Biology,Classrooms,3.0,2024-04-19 15:36:49,
STU10847,2023-2024,Computer Science,Classrooms,4.0,2023-02-18 15:57:48,Very happy with classrooms services
STU10848,2024-2025,Psychology,Classrooms,1.0,2024-03-27 14:19:33,
STU10849,2023-2024,Architecture,Library,5.0,2023-03-20 10:44:43,
STU10850,2022-2023,Computer Science,Sports Complex,5.0,2022-10-11 14:05:58,
STU10851,2023-2024,Civil Engineering,Computer Lab,5.0,2023-08-22 13:39:18,
STU10852,2022-2023,Electrical Engineering,Classrooms,2.0,2022-04-16 15:48:48,
STU10853,2022-2023,Architecture,Medical Center,1.0,2022-01-04 13:36:51,
STU10854,2021-2022,Chemistry,Library,5.0,2021-07-01 15:57:23,Poor maintenance of library
STU10855,2023-2024,Civil Engineering,Sports Complex,5.0,2023-07-19 13:38:23,
STU10856,2024-2025,Psychology,Hostel,1.0,2024-09-11 10:38:03,Needs improvement in hostel
STU10857,2024-2025,,Computer Lab,5.0,2024-12-28 11:06:37,
STU10858,2024-2025,Physics,Administration Office,1.0,2024-10-07 17:38:18,
STU10859,2024-2025,Psychology,Hostel,2.0,2024-10-06 09:56:36,
STU10860,2023-2024,Physics,Auditorium,1.0,2023-01-19 14:17:09,
STU10861,2022-2023,Economics,Computer Lab,5.0,2022-04-03 10:40:13,Good experience with computer lab
STU10862,2021-2022,Economics,Sports Complex,5.0,2021-05-17 14:24:01,
STU10863,2021-2022,Civil Engineering,,4.0,2021-05-13 14:36:54,
STU10864,2023-2024,Civil Engineering,Library,4.0,2023-04-17 13:45:15,
,,Economics,Administration Office,2.0,2021-09-19 09:01:14,
STU10866,2023-2024,Biology,Library,5.0,2023-01-05 17:13:23,
STU10867,2023-2024,Computer Science,Cafeteria,4.0,2023-12-12 09:39:48,
STU10868,2024-2025,English Literature,Auditorium,1.0,2024-02-10 14:35:23,
STU10869,2021-2022,English Literature,Parking,2.0,2021-05-06 09:05:49,
STU10870,2021-2022,Economics,Parking,1.0,2021-08-16 14:05:53,
STU10871,2023-2024,Architecture,Sports Complex,4.0,2023-06-11 10:38:06,
STU10872,2021-2022,Computer Science,Hostel,3.0,2021-08-24 17:30:54,Needs improvement in hostel
STU10873,2022-2023,Biology,Cafeteria,3.0,2022-06-03 16:10:14,Poor maintenance of cafeteria
STU10874,2024-2025,Physics,Hostel,2.0,2024-02-18 12:40:23,
STU10875,2023-2024,English Literature,Parking,1.0,2023-10-05 09:33:55,
STU10876,2022-2023,Civil Engineering,Medical Center,5.0,2022-08-04 14:19:17,
STU10877,2022-2023,Mathematics,Sports Complex,4.0,2022-08-28 15:12:15,
STU10878,2022-2023,Chemistry,Hostel,2.0,2022-01-17 11:34:42,
STU10879,2023-2024,Biology,Medical Center,2.0,2023-12-11 11:51:09,
STU10880,2022-2023,Chemistry,Parking,2.0,2022-03-01 16:57:41,Could be better at parking
STU10881,2021-2022,Psychology,Sports Complex,,2021-06-02 09:00:08,Satisfactory services at sports complex
STU10882,2023-2024,Mathematics,Sports Complex,5.0,2023-06-18 15:08:05,
STU10883,2022-2023,Business Administration,Library,5.0,2022-07-19 14:36:16,
STU10884,2023-2024,Mathematics,,5.0,2023-04-28 10:42:56,
STU10885,,Business Administration,Sports Complex,5.0,,Satisfactory services at sports complex
STU10886,2023-2024,Electrical Engineering,Auditorium,5.0,2023-10-01 13:08:59,
STU10887,2024-2025,Business Administration,Auditorium,2.0,2024-06-09 15:06:55,Good experience with auditorium
STU10888,2021-2022,Biology,Medical Center,2.0,2021-09-28 09:32:50,
STU10889,2021-2022,Mechanical Engineering,Auditorium,5.0,2021-10-14 12:35:52,
STU10890,2022-2023,Business Administration,Sports Complex,5.0,2022-06-12 11:39:37,
STU10891,2022-2023,Mechanical Engineering,Parking,1.0,,
STU10892,2022-2023,Civil Engineering,Parking,2.0,2022-02-28 09:33:38,
STU10893,2022-2023,Computer Science,Library,5.0,2022-01-28 15:47:44,Good experience with library
STU10894,2021-2022,Architecture,Parking,1.0,2021-11-17 17:09:07,
STU10895,,Business Administration,,1.0,2022-11-20 17:01:36,
STU10896,2024-2025,Physics,Cafeteria,1.0,2024-06-23 10:42:09,
STU10897,2022-2023,Mechanical Engineering,Hostel,2.0,2022-12-01 13:07:47,
STU10898,2022-2023,History,Administration Office,3.0,2022-05-18 11:46:37,
STU10899,2021-2022,Civil Engineering,Sports Complex,5.0,2021-09-18 10:25:29,
STU10900,2021-2022,Chemistry,,4.0,2021-06-14 12:25:46,
STU10901,2024-2025,Economics,Cafeteria,1.0,2024-06-11 17:39:10,
STU10902,2021-2022,Biology,Auditorium,3.0,2021-10-10 17:35:22,
STU10903,2022-2023,Mechanical Engineering,Auditorium,4.0,2022-03-09 13:31:53,
STU10904,2022-2023,Mechanical Engineering,Classrooms,2.0,2022-12-05 17:00:40,Poor maintenance of classrooms
STU10905,2022-2023,Chemistry,Classrooms,,2022-01-16 11:01:10,
STU10906,2024-2025,Mechanical Engineering,Sports Complex,5.0,2024-02-17 14:30:57,Needs improvement in sports complex
STU10907,2022-2023,Architecture,Auditorium,5.0,2022-03-08 16:30:02,Very happy with auditorium services
STU10908,2022-2023,Civil Engineering,Library,5.0,2022-09-21 13:31:10,
STU10909,2023-2024,Architecture,Sports Complex,5.0,,
STU10910,2024-2025,English Literature,Computer Lab,5.0,2024-12-04 17:03:11,Disappointed with computer lab condition
STU10911,2023-2024,Biology,Parking,1.0,2023-12-26 11:23:18,
STU10912,2021-2022,History,Computer Lab,5.0,2021-06-13 17:32:13,
STU10913,2021-2022,Computer Science,Library,5.0,2021-11-15 10:16:31,
STU10914,2021-2022,Economics,Sports Complex,5.0,2021-11-21 09:42:48,
STU10915,2022-2023,English Literature,Hostel,1.0,2022-07-14 09:44:14,
STU10916,2021-2022,Architecture,Classrooms,1.0,2021-06-12 17:51:53,Satisfactory services at classrooms
STU10917,2021-2022,Civil Engineering,Library,5.0,2021-09-02 17:22:04,
STU10918,2022-2023,Biology,Sports Complex,5.0,2022-01-22 11:37:53,
STU10919,2023-2024,Physics,Hostel,3.0,2023-01-07 09:26:56,Good experience with hostel
STU10920,2022-2023,Electrical Engineering,,5.0,2022-03-15 13:54:11,
,2022-2023,Physics,Parking,1.0,2022-10-02 15:22:58,
STU10922,2022-2023,History,Cafeteria,,2022-01-06 12:00:17,
STU10923,2023-2024,Mathematics,Medical Center,5.0,2023-11-12 12:32:23,Disappointed with medical center condition
STU10924,2024-2025,Civil Engineering,Sports Complex,5.0,2024-12-11 10:29:43,Very happy with sports complex services
STU10925,2023-2024,History,Computer Lab,5.0,2023-09-18 17:34:51,
STU10926,2023-2024,Computer Science,Auditorium,3.0,2023-08-05 13:40:34,
STU10927,2022-2023,Architecture,Hostel,3.0,2022-02-14 09:25:57,
STU10928,2021-2022,History,Administration Office,2.0,2021-03-08 10:01:26,
STU10929,2023-2024,,Medical Center,4.0,2023-05-10 09:03:31,
,2023-2024,Psychology,Medical Center,4.0,2023-12-02 11:23:44,
STU10931,2023-2024,Chemistry,Auditorium,3.0,2023-12-09 12:27:00,Poor maintenance of auditorium
STU10932,2022-2023,Business Administration,Hostel,2.0,2022-07-17 14:39:11,Poor maintenance of hostel
STU10933,2024-2025,Biology,,5.0,2024-07-26 17:09:09,
STU10934,2022-2023,Architecture,Computer Lab,5.0,2022-02-11 13:51:36,
STU10935,2024-2025,Physics,Medical Center,2.0,2024-12-23 16:43:21,
STU10936,,Architecture,Library,4.0,2022-01-25 10:42:17,Needs improvement in library
STU10937,2023-2024,Architecture,Medical Center,2.0,2023-11-25 17:30:06,
,2023-2024,Electrical Engineering,Library,,2023-04-02 17:34:14,
STU10939,2022-2023,Economics,Computer Lab,5.0,2022-04-19 09:27:30,Needs improvement in computer lab
STU10940,2022-2023,Architecture,,3.0,2022-06-20 17:36:19,
STU10941,2022-2023,History,Medical Center,,2022-09-27 13:55:58,
STU10942,2022-2023,Mathematics,Cafeteria,3.0,2022-05-27 11:23:25,
STU10943,2023-2024,Mechanical Engineering,Sports Complex,5.0,2023-01-04 12:09:24,
STU10944,2023-2024,Physics,Auditorium,1.0,2023-06-26 16:34:26,
STU10945,2023-2024,Economics,Medical Center,3.0,2023-07-04 17:36:50,
STU10946,2022-2023,Electrical Engineering,Administration Office,,2022-07-10 14:13:48,
STU10947,2021-2022,Psychology,Medical Center,3.0,2021-04-26 15:23:33,Disappointed with medical center condition
STU10948,2021-2022,Biology,Classrooms,1.0,2021-04-27 13:56:16,
STU10949,2024-2025,Physics,Parking,3.0,2024-08-09 12:48:45,
STU10950,2023-2024,Computer Science,Medical Center,4.0,2023-10-09 17:02:53,
STU10951,2023-2024,,Administration Office,2.0,2023-07-04 10:23:26,
STU10952,2021-2022,Psychology,Parking,1.0,2021-04-25 09:42:49,
STU10953,2023-2024,English Literature,Library,4.0,2023-10-16 13:12:08,Could be better at library
STU10954,2024-2025,Biology,Classrooms,5.0,2024-11-18 12:13:46,
STU10955,2021-2022,Mechanical Engineering,Medical Center,2.0,2021-10-18 09:29:20,Good experience with medical center
STU10956,2024-2025,Computer Science,Classrooms,1.0,2024-10-13 09:36:40,
STU10957,,,Library,5.0,2023-01-12 13:23:05,Good experience with library
STU10958,2023-2024,Chemistry,Parking,3.0,2023-03-28 10:01:08,Poor maintenance of parking
STU10959,2022-2023,Economics,Library,5.0,2022-12-20 10:02:42,Poor maintenance of library
STU10960,2022-2023,,,2.0,2022-11-23 12:37:23,
STU10961,2021-2022,Architecture,Hostel,2.0,2021-08-09 14:11:16,
STU10962,2022-2023,Architecture,Cafeteria,3.0,2022-06-10 17:58:44,Excellent facilities at cafeteria
STU10963,2022-2023,Chemistry,Medical Center,4.0,2022-11-20 15:24:30,Poor maintenance of medical center
STU10964,2022-2023,Biology,Medical Center,1.0,2022-11-03 17:37:21,
STU10965,2023-2024,English Literature,Computer Lab,5.0,2023-03-04 13:25:56,
STU10966,2024-2025,Economics,Parking,,2024-10-24 09:43:35,
STU10967,,Mathematics,Classrooms,5.0,2021-09-13 10:41:43,
STU10968,2023-2024,Physics,Library,4.0,2023-03-20 11:06:08,
STU10969,,Biology,Hostel,3.0,2023-02-18 10:10:30,Disappointed with hostel condition
STU10970,2021-2022,Architecture,Medical Center,5.0,2021-12-21 11:16:58,Satisfactory services at medical center
STU10971,2022-2023,Mechanical Engineering,Library,,2022-07-22 14:04:42,Poor maintenance of library
STU10972,2022-2023,Mathematics,Medical Center,1.0,2022-01-07 12:54:44,Excellent facilities at medical center
STU10973,2022-2023,Civil Engineering,Hostel,3.0,2022-03-17 16:14:04,Poor maintenance of hostel
STU10974,2022-2023,Electrical Engineering,Computer Lab,5.0,2022-01-12 11:09:46,
STU10975,2023-2024,,Cafeteria,5.0,2023-10-27 09:02:02,Excellent facilities at cafeteria
STU10976,2021-2022,Civil Engineering,Parking,2.0,2021-01-14 10:26:32,
STU10977,2023-2024,Business Administration,Auditorium,4.0,2023-05-05 13:25:40,
STU10978,2023-2024,English Literature,Auditorium,5.0,2023-07-28 11:00:51,Satisfactory services at auditorium
STU10979,2024-2025,Biology,Library,5.0,2024-12-16 09:12:37,
STU10980,2023-2024,Biology,Medical Center,1.0,2023-01-05 14:30:15,Disappointed with medical center condition
STU10981,2022-2023,Economics,Sports Complex,5.0,2022-10-09 11:58:49,
STU10982,2022-2023,Psychology,Library,,2022-08-05 16:02:59,
STU10983,2024-2025,Economics,Medical Center,4.0,2024-02-24 13:06:32,
STU10984,2022-2023,Mathematics,Sports Complex,5.0,2022-05-01 17:04:37,
STU10985,2024-2025,Civil Engineering,Medical Center,,2024-01-01 16:19:15,
STU10986,2021-2022,Chemistry,Medical Center,2.0,2021-04-10 09:41:08,Satisfactory services at medical center
STU10987,,Chemistry,Cafeteria,2.0,2023-03-02 09:49:23,
STU10988,2022-2023,Business Administration,Cafeteria,1.0,2022-06-11 09:31:20,
STU10989,2022-2023,Chemistry,Computer Lab,5.0,2022-09-01 10:18:45,
STU10990,2023-2024,Economics,Classrooms,1.0,2023-12-25 14:03:29,
STU10991,2021-2022,Mechanical Engineering,Parking,2.0,2021-08-17 13:44:56,Excellent facilities at parking
STU10992,2022-2023,Chemistry,Administration Office,1.0,2022-05-07 09:30:54,
STU10993,2022-2023,Mathematics,Auditorium,4.0,2022-06-02 11:51:19,
STU10994,2023-2024,Architecture,Sports Complex,5.0,2023-11-16 12:32:47,
STU10995,2023-2024,Physics,Auditorium,3.0,2023-01-12 17:44:07,Excellent facilities at auditorium
STU10996,2023-2024,Computer Science,Classrooms,,2023-07-05 10:48:17,
STU10997,2024-2025,Mathematics,Cafeteria,2.0,2024-09-26 13:54:39,Needs improvement in cafeteria
STU10998,2023-2024,Computer Science,Hostel,3.0,2023-07-16 14:40:06,
STU10999,2022-2023,Physics,Classrooms,3.0,,
STU11000,2024-2025,Business Administration,Auditorium,3.0,2024-03-01 17:21:49,
STU11001,2021-2022,Mechanical Engineering,Hostel,1.0,2021-11-04 09:55:33,
STU11002,2024-2025,Electrical Engineering,Medical Center,,2024-07-27 14:09:24,
STU11003,2021-2022,Psychology,Computer Lab,4.0,2021-01-23 14:35:48,
STU11004,2023-2024,Mathematics,Hostel,1.0,2023-06-11 16:58:00,
STU11005,,Economics,Auditorium,3.0,2023-07-23 16:04:04,
STU11006,2022-2023,Physics,,5.0,2022-02-10 13:14:12,
STU11007,2023-2024,Architecture,Administration Office,2.0,2023-08-04 09:28:04,Very happy with administration office services
STU11008,2024-2025,Electrical Engineering,Medical Center,4.0,2024-03-15 16:02:28,
STU11009,2022-2023,English Literature,Library,5.0,2022-08-01 17:30:18,
STU11010,2023-2024,Computer Science,Auditorium,3.0,2023-03-13 12:32:19,
STU11011,2021-2022,Architecture,Medical Center,4.0,2021-07-20 11:46:53,
STU11012,2023-2024,Physics,Computer Lab,5.0,2023-07-28 14:09:47,Very happy with computer lab services
STU11013,2022-2023,Chemistry,Hostel,2.0,2022-03-18 11:00:39,Disappointed with hostel condition
STU11014,2024-2025,Mathematics,Classrooms,3.0,2024-01-23 11:42:59,
STU11015,2021-2022,Mathematics,Auditorium,2.0,,
STU11016,2023-2024,Mathematics,Administration Office,2.0,2023-05-24 16:50:31,
STU11017,2022-2023,Civil Engineering,Hostel,3.0,2022-04-25 17:35:40,
STU11018,2023-2024,Chemistry,Classrooms,1.0,2023-02-06 10:51:15,
STU11019,2021-2022,Psychology,Auditorium,1.0,2021-02-22 15:50:56,
STU11020,2022-2023,Biology,Classrooms,1.0,2022-05-26 11:54:09,
STU11021,2024-2025,Electrical Engineering,Parking,2.0,2024-08-04 17:43:59,Very happy with parking services
STU11022,2022-2023,Electrical Engineering,,5.0,2022-05-01 11:59:32,
STU11023,2023-2024,Civil Engineering,Auditorium,3.0,2023-12-06 14:54:56,Could be better at auditorium
STU11024,2022-2023,Mathematics,,5.0,,Needs improvement in computer lab
STU11025,2022-2023,Electrical Engineering,Parking,1.0,2022-01-19 10:32:24,Excellent facilities at parking
STU11026,2023-2024,,Library,5.0,2023-11-11 10:16:33,
STU11027,2023-2024,Business Administration,Cafeteria,4.0,2023-03-11 17:03:24,
STU11028,2021-2022,Civil Engineering,Classrooms,5.0,2021-01-03 13:21:16,
,2022-2023,Electrical Engineering,Parking,2.0,2022-11-02 16:46:12,
STU11030,2024-2025,Mechanical Engineering,Medical Center,5.0,2024-04-09 17:06:14,
STU11031,2023-2024,Business Administration,Hostel,2.0,2023-07-13 16:40:42,Needs improvement in hostel
,2022-2023,Chemistry,Administration Office,2.0,2022-06-28 10:17:03,
STU11033,2021-2022,Mathematics,Medical Center,1.0,2021-08-03 09:01:14,
STU11034,2023-2024,Civil Engineering,Classrooms,4.0,2023-09-20 14:37:25,
STU11035,2023-2024,History,Cafeteria,5.0,2023-06-03 10:46:36,
STU11036,2021-2022,Physics,Medical Center,,2021-04-13 14:34:27,
STU11037,2024-2025,History,Computer Lab,5.0,2024-10-01 11:18:54,
STU11038,2022-2023,Computer Science,Cafeteria,5.0,2022-08-16 17:54:22,Disappointed with cafeteria condition
STU11039,2024-2025,Biology,Cafeteria,1.0,2024-07-01 09:31:08,
STU11040,2021-2022,English Literature,Sports Complex,4.0,2021-07-12 14:19:54,
STU11041,2022-2023,Computer Science,Hostel,3.0,2022-08-01 12:13:35,
STU11042,2023-2024,Mathematics,Classrooms,1.0,2023-07-19 14:14:15,Disappointed with classrooms condition
STU11043,2023-2024,Physics,Auditorium,1.0,2023-01-17 16:43:44,
STU11044,2023-2024,Psychology,Cafeteria,5.0,2023-02-04 11:06:25,
STU11045,2021-2022,Electrical Engineering,Classrooms,2.0,2021-12-07 15:35:28,Very happy with classrooms services
STU11046,2022-2023,Economics,Computer Lab,4.0,2022-10-19 13:26:29,
,2021-2022,English Literature,Parking,2.0,2021-01-25 17:52:40,
STU11048,2023-2024,,Cafeteria,3.0,2023-11-08 12:09:12,
STU11049,2022-2023,Biology,Administration Office,3.0,2022-09-22 13:11:10,
STU11050,2021-2022,Mechanical Engineering,Cafeteria,3.0,2021-04-23 17:49:19,
STU11051,2022-2023,English Literature,Library,5.0,2022-09-23 16:51:47,
STU11052,2021-2022,English Literature,Hostel,3.0,2021-04-17 12:34:43,
STU11053,2023-2024,Mechanical Engineering,Classrooms,,2023-12-21 15:02:31,
STU11054,2022-2023,Civil Engineering,Cafeteria,2.0,2022-05-20 16:06:05,Poor maintenance of cafeteria
STU11055,2023-2024,Chemistry,Auditorium,5.0,,
STU11056,2022-2023,History,Medical Center,1.0,2022-01-26 10:25:14,Good experience with medical center
STU11057,2021-2022,Electrical Engineering,Library,5.0,2021-11-22 17:18:24,
STU11058,2024-2025,Economics,Library,5.0,2024-08-04 13:24:21,
STU11059,2023-2024,Civil Engineering,Sports Complex,,2023-11-21 13:55:40,Very happy with sports complex services
STU11060,2022-2023,,Sports Complex,5.0,2022-02-11 10:32:25,Very happy with sports complex services
STU11061,2024-2025,Biology,Parking,2.0,2024-10-15 17:22:58,Good experience with parking
STU11062,2023-2024,,Sports Complex,5.0,2023-01-23 14:09:15,
STU11063,2024-2025,Civil Engineering,Classrooms,2.0,2024-11-24 11:51:09,Could be better at classrooms
STU11064,2021-2022,Civil Engineering,Parking,3.0,2021-09-08 12:27:06,
,2022-2023,Civil Engineering,Hostel,2.0,2022-02-14 14:42:41,
STU11066,2022-2023,Electrical Engineering,Hostel,2.0,2022-12-19 14:24:47,Excellent facilities at hostel
STU11067,2023-2024,Psychology,Auditorium,4.0,2023-09-13 17:35:50,
STU11068,2023-2024,Biology,Computer Lab,5.0,2023-04-22 13:58:03,
STU11069,2023-2024,English Literature,Parking,,2023-10-19 14:48:04,Very happy with parking services
STU11070,2022-2023,English Literature,Auditorium,3.0,2022-03-18 12:39:58,
STU11071,2023-2024,Civil Engineering,Cafeteria,2.0,2023-02-04 14:42:45,
STU11072,2024-2025,Mechanical Engineering,Auditorium,1.0,2024-09-17 15:53:54,
STU11073,2021-2022,Economics,,5.0,2021-02-26 16:18:54,
STU11074,2024-2025,Computer Science,Administration Office,1.0,2024-11-21 16:24:46,Good experience with administration office
STU11075,2021-2022,Economics,Computer Lab,5.0,2021-12-01 16:06:16,
STU11076,2023-2024,Chemistry,Classrooms,1.0,2023-02-05 10:25:48,
STU11077,2023-2024,Economics,Administration Office,2.0,2023-06-27 11:32:17,Needs improvement in administration office
STU11078,2023-2024,Architecture,Library,4.0,2023-09-02 15:09:19,
STU11079,2024-2025,Economics,Library,5.0,2024-10-16 11:57:46,Needs improvement in library
STU11080,2024-2025,Economics,Classrooms,2.0,2024-07-13 11:14:00,Good experience with classrooms
STU11081,2022-2023,English Literature,Classrooms,3.0,2022-06-20 16:20:06,
STU11082,2023-2024,Architecture,Computer Lab,5.0,2023-05-04 14:17:34,
STU11083,2023-2024,Mathematics,Hostel,2.0,2023-06-15 13:02:36,
STU11084,2021-2022,Electrical Engineering,Sports Complex,5.0,2021-12-28 10:57:51,Disappointed with sports complex condition
STU11085,2024-2025,Mathematics,Library,5.0,2024-09-08 13:55:30,
STU11086,2024-2025,History,Cafeteria,2.0,2024-07-12 12:36:47,
STU11087,2021-2022,Chemistry,Medical Center,5.0,2021-10-09 12:47:09,
STU11088,2022-2023,Physics,Library,4.0,2022-08-09 15:15:18,
STU11089,2023-2024,English Literature,Parking,2.0,2023-12-21 12:49:35,Excellent facilities at parking
STU11090,2023-2024,History,Parking,2.0,2023-08-22 10:49:40,Needs improvement in parking
STU11091,2022-2023,Biology,Computer Lab,4.0,2022-12-22 14:50:18,
STU11092,2023-2024,Psychology,Parking,3.0,2023-10-13 10:02:57,
STU11093,2022-2023,Physics,Parking,3.0,2022-11-20 15:24:23,Could be better at parking
STU11094,2023-2024,Business Administration,Cafeteria,5.0,2023-08-12 13:35:39,
STU11095,2023-2024,Biology,Computer Lab,5.0,2023-10-18 12:07:23,
STU11096,2022-2023,Physics,Parking,3.0,2022-12-13 15:25:52,
STU11097,2021-2022,Biology,Administration Office,2.0,2021-12-21 12:08:09,
STU11098,2021-2022,Biology,Cafeteria,3.0,2021-09-21 14:58:24,
STU11099,2024-2025,,Classrooms,5.0,2024-05-04 10:27:37,
STU11100,2024-2025,Psychology,Classrooms,3.0,2024-01-20 17:14:17,
STU11101,2022-2023,Chemistry,Administration Office,2.0,2022-08-19 10:12:44,
STU11102,2021-2022,Computer Science,Classrooms,4.0,2021-12-13 17:43:50,
STU11103,,Mathematics,Cafeteria,3.0,2023-04-19 17:47:58,
STU11104,2022-2023,Economics,Administration Office,3.0,2022-05-21 14:41:54,
STU11105,2023-2024,Psychology,Sports Complex,5.0,2023-05-21 10:22:43,
STU11106,2022-2023,Electrical Engineering,Cafeteria,3.0,2022-12-26 12:59:07,
STU11107,2023-2024,Electrical Engineering,Computer Lab,5.0,2023-12-26 14:58:57,
STU11108,2021-2022,Business Administration,Library,4.0,2021-06-11 13:07:24,
STU11109,2024-2025,,Cafeteria,,2024-11-20 13:44:40,
STU11110,2022-2023,History,Library,5.0,2022-08-16 09:15:17,
STU11111,2021-2022,Electrical Engineering,Medical Center,5.0,2021-09-24 16:14:56,Disappointed with medical center condition
STU11112,2024-2025,Mathematics,Medical Center,5.0,2024-08-17 14:54:13,
STU11113,2022-2023,Psychology,Cafeteria,1.0,2022-12-18 12:44:39,
STU11114,2023-2024,Biology,Library,5.0,2023-07-15 14:44:12,Disappointed with library condition
STU11115,2024-2025,Economics,Computer Lab,4.0,2024-05-09 12:51:39,
STU11116,2024-2025,Architecture,Library,5.0,2024-04-24 13:32:06,Satisfactory services at library
STU11117,2022-2023,Biology,Parking,2.0,2022-11-27 14:28:16,
STU11118,2024-2025,Economics,,4.0,2024-02-11 16:06:41,Poor maintenance of library
STU11119,2022-2023,Physics,Computer Lab,5.0,2022-04-15 13:12:50,
STU11120,2023-2024,Business Administration,Classrooms,2.0,2023-10-16 16:08:26,
,2023-2024,Mathematics,Auditorium,5.0,2023-03-17 17:36:56,Poor maintenance of auditorium
STU11122,2021-2022,Civil Engineering,Computer Lab,,,Disappointed with computer lab condition
STU11123,2023-2024,Psychology,Sports Complex,5.0,2023-04-15 15:11:28,Very happy with sports complex services
STU11124,2024-2025,English Literature,Library,5.0,2024-10-12 12:26:22,
STU11125,2021-2022,Physics,Computer Lab,5.0,2021-04-11 15:52:41,
STU11126,2022-2023,Physics,Auditorium,4.0,2022-02-14 11:49:20,Excellent facilities at auditorium
,2021-2022,Business Administration,Auditorium,4.0,2021-12-26 10:18:02,
STU11128,2022-2023,Computer Science,Library,5.0,2022-07-02 17:40:04,
STU11129,2022-2023,History,Cafeteria,4.0,2022-08-13 13:00:08,
STU11130,,Chemistry,Computer Lab,,2022-07-10 16:43:24,
,2023-2024,,Administration Office,2.0,2023-04-09 15:52:52,
,2021-2022,,Administration Office,3.0,2021-10-27 13:00:59,Good experience with administration office
STU11133,2024-2025,Mechanical Engineering,Sports Complex,5.0,2024-09-28 15:07:18,
STU11134,2022-2023,Economics,,5.0,2022-03-11 11:18:09,
STU11135,2024-2025,Chemistry,Administration Office,2.0,2024-05-04 17:56:48,
STU11136,2022-2023,Psychology,,5.0,2022-12-21 11:57:43,
STU11137,2021-2022,,,5.0,2021-07-26 10:34:18,
STU11138,2021-2022,Civil Engineering,Cafeteria,2.0,2021-03-06 15:22:17,
,2024-2025,Chemistry,Sports Complex,5.0,2024-03-07 15:15:30,Poor maintenance of sports complex
STU11140,2021-2022,Electrical Engineering,Computer Lab,5.0,2021-11-11 09:53:49,
STU11141,2022-2023,Biology,Medical Center,5.0,2022-07-02 09:43:41,
STU11142,2022-2023,English Literature,Parking,1.0,2022-10-03 15:43:07,
STU11143,,,Auditorium,2.0,2023-06-06 17:32:21,
STU11144,2024-2025,Biology,Administration Office,2.0,2024-12-28 10:57:47,
STU11145,,Mathematics,Medical Center,1.0,2024-12-28 13:47:24,
STU11146,2023-2024,Mechanical Engineering,Library,5.0,2023-12-12 11:56:48,Disappointed with library condition
STU11147,2023-2024,English Literature,Administration Office,3.0,2023-08-20 16:08:06,
STU11148,2022-2023,,Administration Office,2.0,2022-12-03 15:45:14,Satisfactory services at administration office
STU11149,2021-2022,Physics,Sports Complex,5.0,2021-05-03 17:46:18,
STU11150,2021-2022,,Library,4.0,2021-11-22 11:35:37,
STU11151,2022-2023,Psychology,Computer Lab,5.0,2022-09-20 14:20:00,Excellent facilities at computer lab
STU11152,2022-2023,Computer Science,,5.0,2022-11-22 14:11:54,
STU11153,2022-2023,Business Administration,Auditorium,4.0,2022-10-20 12:25:52,
STU11154,2023-2024,Mathematics,Medical Center,5.0,2023-10-03 13:34:31,
STU11155,2024-2025,Biology,Parking,,2024-04-20 16:01:19,
STU11156,2021-2022,Economics,Cafeteria,4.0,2021-08-06 15:49:53,
STU11157,2024-2025,Biology,Computer Lab,5.0,2024-02-28 15:15:06,
STU11158,2022-2023,Computer Science,Library,5.0,2022-05-15 12:06:31,
STU11159,2022-2023,Mathematics,Classrooms,2.0,2022-11-13 14:23:32,
STU11160,2021-2022,Mathematics,Classrooms,2.0,2021-07-23 13:39:29,
STU11161,2022-2023,Economics,Hostel,2.0,2022-09-02 12:17:04,
STU11162,2023-2024,Physics,Computer Lab,4.0,2023-01-22 15:16:08,
STU11163,2022-2023,Mathematics,Medical Center,5.0,2022-03-28 17:29:06,Needs improvement in medical center
STU11164,2024-2025,Biology,,5.0,2024-03-28 15:17:34,
STU11165,2022-2023,Mechanical Engineering,Computer Lab,5.0,2022-10-27 09:44:41,
STU11166,2024-2025,History,Parking,1.0,2024-06-12 17:14:03,Poor maintenance of parking
STU11167,2022-2023,English Literature,Administration Office,2.0,2022-07-20 17:40:07,
STU11168,2021-2022,Psychology,Auditorium,2.0,2021-11-04 12:49:50,
STU11169,2024-2025,Economics,Administration Office,1.0,2024-06-26 10:01:54,
STU11170,2024-2025,Chemistry,,3.0,2024-01-25 09:12:18,Good experience with administration office
STU11171,2021-2022,Business Administration,Auditorium,1.0,2021-06-11 09:57:22,
STU11172,2024-2025,Architecture,Sports Complex,5.0,2024-06-06 10:51:39,Disappointed with sports complex condition
STU11173,2022-2023,Mechanical Engineering,,5.0,2022-03-14 14:22:39,Satisfactory services at sports complex
STU11174,2023-2024,,Parking,,2023-07-24 10:06:37,
STU11175,2022-2023,Chemistry,Classrooms,5.0,2022-02-10 15:53:59,Satisfactory services at classrooms
STU11176,2022-2023,Chemistry,Computer Lab,5.0,2022-01-21 17:54:47,
STU11177,2021-2022,Computer Science,Sports Complex,5.0,2021-01-22 12:32:40,
,2023-2024,Economics,Medical Center,4.0,2023-11-09 17:55:15,
STU11179,2023-2024,History,Cafeteria,4.0,2023-02-21 09:34:00,
STU11180,2023-2024,Civil Engineering,Medical Center,4.0,2023-12-21 13:44:16,
STU11181,2023-2024,Business Administration,Hostel,2.0,2023-01-25 10:05:16,
STU11182,2022-2023,Physics,Computer Lab,5.0,2022-06-24 09:56:18,Excellent facilities at computer lab
STU11183,2021-2022,Biology,Classrooms,1.0,2021-03-23 11:18:50,Poor maintenance of classrooms
STU11184,2022-2023,Chemistry,Auditorium,2.0,2022-04-24 14:06:47,
STU11185,2022-2023,Chemistry,Parking,1.0,2022-09-20 10:15:53,
STU11186,2023-2024,Chemistry,,4.0,2023-08-21 14:17:01,
STU11187,2023-2024,Biology,Parking,2.0,2023-12-04 10:07:09,
STU11188,2021-2022,Biology,Administration Office,2.0,2021-01-21 10:31:37,
STU11189,2022-2023,Electrical Engineering,Medical Center,5.0,2022-08-28 16:38:05,Excellent facilities at medical center
STU11190,2024-2025,English Literature,Auditorium,2.0,2024-01-27 13:42:21,
STU11191,2024-2025,Mechanical Engineering,Medical Center,1.0,2024-09-13 15:37:31,
STU11192,2023-2024,Chemistry,,,2023-06-05 11:20:23,
STU11193,2021-2022,Biology,Parking,2.0,2021-05-25 12:59:56,Very happy with parking services
STU11194,2023-2024,Mechanical Engineering,Administration Office,2.0,2023-03-07 15:05:15,Good experience with administration office
STU11195,2023-2024,Biology,Computer Lab,5.0,2023-12-23 10:28:11,
STU11196,2022-2023,Computer Science,Administration Office,,2022-03-27 16:54:43,Excellent facilities at administration office
STU11197,2022-2023,Computer Science,Medical Center,5.0,2022-01-06 16:54:19,Poor maintenance of medical center
STU11198,2023-2024,Psychology,Sports Complex,4.0,2023-12-01 15:49:47,
STU11199,2023-2024,History,Parking,1.0,2023-05-10 10:20:23,
